ID,Target_AUC,Target_LogLoss
ID_KYO5JS,0,0
ID_846C1K,0,0
ID_1QA7GX,0,0
ID_VSQGAP,0,0
ID_HEHIE4,0,0
ID_BKHQGQ,0,0
ID_SI8VMK,0,0
ID_HNS70E,0,0
ID_ETU38Z,0,0
ID_SDU2MK,0,0
ID_PSJ56U,0,0
ID_L9N6FI,0,0
ID_9NWUX5,0,0
ID_Z9LDI4,0,0
ID_EMB3YR,0,0
ID_AD2Z2I,0,0
ID_A253MN,0,0
ID_JW68C6,0,0
ID_NY5B75,0,0
ID_WTJBE7,0,0
ID_1VE2PK,0,0
ID_LBMDQF,0,0
ID_543ZJJ,0,0
ID_GP6BAA,0,0
ID_L8YDDV,0,0
ID_VK9JQ9,0,0
ID_QCEUSM,0,0
ID_1EOHG3,0,0
ID_1SUC8X,0,0
ID_YH63DA,0,0
ID_RPKKMG,0,0
ID_HY1EDU,0,0
ID_JRD60K,0,0
ID_HFZPCT,0,0
ID_TJF5P2,0,0
ID_QNX47N,0,0
ID_BEDC46,0,0
ID_XHC5MU,0,0
ID_QP9JGO,0,0
ID_6Y5MES,0,0
ID_PTHBXO,0,0
ID_ODEWF6,0,0
ID_W3CKAL,0,0
ID_OSNK22,0,0
ID_39BES2,0,0
ID_607C5P,0,0
ID_5HFBYV,0,0
ID_YVVZQW,0,0
ID_GYCVH7,0,0
ID_38DUPE,0,0
ID_SVQVZ8,0,0
ID_06HPYP,0,0
ID_IVID3M,0,0
ID_NTT4KF,0,0
ID_5JWUM2,0,0
ID_LL3FRN,0,0
ID_IEBEBG,0,0
ID_TZ7IAB,0,0
ID_EQA0B0,0,0
ID_KYO1KH,0,0
ID_QGDNDM,0,0
ID_578X6N,0,0
ID_MXVCAW,0,0
ID_267TP6,0,0
ID_MRR0TS,0,0
ID_1WGQY9,0,0
ID_WYHB8F,0,0
ID_GCWVT8,0,0
ID_312OV5,0,0
ID_V065NO,0,0
ID_XV7GPE,0,0
ID_Q7W80N,0,0
ID_2PH6R4,0,0
ID_FTTF9L,0,0
ID_DVIXNS,0,0
ID_PHUESI,0,0
ID_YAEJFI,0,0
ID_6K1D9N,0,0
ID_O642AJ,0,0
ID_I8S4GQ,0,0
ID_IU2SC0,0,0
ID_P47KOX,0,0
ID_HD12RR,0,0
ID_WA6I1X,0,0
ID_I4RDU9,0,0
ID_Z6CS3W,0,0
ID_VT7XPC,0,0
ID_PVTGR1,0,0
ID_ZDBVWM,0,0
ID_6JSDRO,0,0
ID_EP5QVA,0,0
ID_HLJ82N,0,0
ID_RR0UN0,0,0
ID_SDT0TW,0,0
ID_H7VOZJ,0,0
ID_J4P8KN,0,0
ID_OOKZVY,0,0
ID_NXXS2F,0,0
ID_6O49IY,0,0
ID_UX8JL4,0,0
ID_A3TKBR,0,0
ID_25L48D,0,0
ID_WZ7C87,0,0
ID_RA2R9J,0,0
ID_PMBZET,0,0
ID_5VAKXA,0,0
ID_PEG871,0,0
ID_F8WR08,0,0
ID_NLNAO1,0,0
ID_D3FNCG,0,0
ID_D5QYXA,0,0
ID_8SEE30,0,0
ID_3U7LJ8,0,0
ID_V65EQY,0,0
ID_SVI1AY,0,0
ID_C78508,0,0
ID_JX2UVJ,0,0
ID_VBMM8K,0,0
ID_175A2Z,0,0
ID_4K4GGQ,0,0
ID_4IW51S,0,0
ID_TOSFJA,0,0
ID_865R0X,0,0
ID_YRIH3X,0,0
ID_AQQ47I,0,0
ID_0IA0ZO,0,0
ID_5WIP8T,0,0
ID_LFAIAD,0,0
ID_NT27W4,0,0
ID_UCGMAZ,0,0
ID_1ZI6RX,0,0
ID_RNWQYC,0,0
ID_OJW44K,0,0
ID_67ZF4T,0,0
ID_Y8NPOD,0,0
ID_4LP5ZC,0,0
ID_N3BNVF,0,0
ID_F0WBOA,0,0
ID_BWTZHC,0,0
ID_UPUNXB,0,0
ID_E05R3B,0,0
ID_00KWEY,0,0
ID_U5CEN4,0,0
ID_87B47O,0,0
ID_D8P087,0,0
ID_P0KYD5,0,0
ID_RQL5OE,0,0
ID_YAUFLE,0,0
ID_SBBLNK,0,0
ID_XLW078,0,0
ID_GBFIO8,0,0
ID_ZPV5XX,0,0
ID_950U5A,0,0
ID_T2AVP1,0,0
ID_O76UN6,0,0
ID_U5LK59,0,0
ID_Q13VNW,0,0
ID_SE2H20,0,0
ID_5HIP1X,0,0
ID_ORESVW,0,0
ID_S0LKSF,0,0
ID_1459JI,0,0
ID_LSN5AY,0,0
ID_I41TRQ,0,0
ID_J0UIOP,0,0
ID_O12XC4,0,0
ID_ZCRK82,0,0
ID_SJ59V9,0,0
ID_7VZ9X5,0,0
ID_3Y9NJ1,0,0
ID_6FVL5Q,0,0
ID_E67WFM,0,0
ID_MJKKYF,0,0
ID_KX4H5M,0,0
ID_K2ID75,0,0
ID_5AL4OW,0,0
ID_4KNU2J,0,0
ID_LGXOFC,0,0
ID_B7VVND,0,0
ID_2EDM5S,0,0
ID_H7URDV,0,0
ID_X2IT1Y,0,0
ID_BGRR07,0,0
ID_567AIS,0,0
ID_9DI5XM,0,0
ID_HR3HP5,0,0
ID_N858YJ,0,0
ID_G1U2K8,0,0
ID_3LT98H,0,0
ID_OXBFSG,0,0
ID_KMT3OS,0,0
ID_VM8HPK,0,0
ID_AKR98K,0,0
ID_Y4NTFL,0,0
ID_0BSJX2,0,0
ID_8VTWO1,0,0
ID_EHC0WO,0,0
ID_Y79FMP,0,0
ID_F64KIZ,0,0
ID_XKK4H3,0,0
ID_5RDJQ5,0,0
ID_YQ9SW4,0,0
ID_F3W2FX,0,0
ID_A4L9CI,0,0
ID_QFH90M,0,0
ID_ID5QNF,0,0
ID_0PNONV,0,0
ID_6WELC3,0,0
ID_XBWRBH,0,0
ID_GXTLPX,0,0
ID_N4JUR0,0,0
ID_2CPS5B,0,0
ID_1LKE8I,0,0
ID_IC72LK,0,0
ID_NJS6RD,0,0
ID_7W2TNS,0,0
ID_OEH3IN,0,0
ID_EZAQXS,0,0
ID_USJ86W,0,0
ID_BJGR01,0,0
ID_VSYQSW,0,0
ID_GQ34LU,0,0
ID_EPN2EF,0,0
ID_II8VRV,0,0
ID_PGNL7Q,0,0
ID_6O23Z0,0,0
ID_JT7GIJ,0,0
ID_LAMPFY,0,0
ID_LCHM9F,0,0
ID_PAR618,0,0
ID_XRA2I5,0,0
ID_C8MKFZ,0,0
ID_9THSEU,0,0
ID_A25BDE,0,0
ID_7GX8R8,0,0
ID_J8SXEG,0,0
ID_877BNG,0,0
ID_1ZWRY1,0,0
ID_FMPXVZ,0,0
ID_4XNQJG,0,0
ID_L1XFKC,0,0
ID_KNAJ24,0,0
ID_B7Z167,0,0
ID_RSWLY3,0,0
ID_KXMG5A,0,0
ID_XQQK3U,0,0
ID_1SZ4EZ,0,0
ID_LN4SIQ,0,0
ID_MJNCXK,0,0
ID_U2HHMG,0,0
ID_XPD1RI,0,0
ID_XFBRQE,0,0
ID_XLJFHR,0,0
ID_7KLOQ9,0,0
ID_XTAQCF,0,0
ID_4IB5YJ,0,0
ID_JRHCM4,0,0
ID_0FCWV6,0,0
ID_73SOZ5,0,0
ID_T6AEX9,0,0
ID_8YGS3A,0,0
ID_JVFD3C,0,0
ID_UTA4UL,0,0
ID_Y6VNF9,0,0
ID_8CFT55,0,0
ID_U0Z5U2,0,0
ID_QDTPDG,0,0
ID_455JV5,0,0
ID_IZ2LGF,0,0
ID_RWUJU4,0,0
ID_U2CZDT,0,0
ID_5O0O8A,0,0
ID_LV3NN9,0,0
ID_W9OZ03,0,0
ID_6WMXDF,0,0
ID_IJXJEW,0,0
ID_X6DXWK,0,0
ID_TOUIMZ,0,0
ID_J0WK84,0,0
ID_SG2V5N,0,0
ID_BHJOXW,0,0
ID_YO41NT,0,0
ID_YVWB5C,0,0
ID_ER2AYE,0,0
ID_4I2X88,0,0
ID_AOQKGE,0,0
ID_45BUA0,0,0
ID_RXMZFA,0,0
ID_IRT27C,0,0
ID_NT0UEZ,0,0
ID_UWLRDO,0,0
ID_SAZWA8,0,0
ID_A5B5N1,0,0
ID_TSI0NA,0,0
ID_3CX400,0,0
ID_F8UXZG,0,0
ID_DA55OL,0,0
ID_NUYP2R,0,0
ID_FAYK4P,0,0
ID_GQTD6P,0,0
ID_S1QGTJ,0,0
ID_PLWVN4,0,0
ID_G508X4,0,0
ID_GV7MO2,0,0
ID_JMY7QK,0,0
ID_ZFNFL2,0,0
ID_DEN3UO,0,0
ID_65H47V,0,0
ID_1YTPTW,0,0
ID_0GTGNP,0,0
ID_4XT627,0,0
ID_97W0SM,0,0
ID_K95H9V,0,0
ID_AWXIHJ,0,0
ID_2YW3KN,0,0
ID_MHKZ8O,0,0
ID_BNMMD6,0,0
ID_402SW2,0,0
ID_35XJSH,0,0
ID_SRX9N8,0,0
ID_9H3ZP2,0,0
ID_SKYTTG,0,0
ID_OT577M,0,0
ID_SRWMPP,0,0
ID_U4UQC0,0,0
ID_RZLWWR,0,0
ID_HLNK3W,0,0
ID_V7LG00,0,0
ID_5HANIM,0,0
ID_CMLMEI,0,0
ID_IT6CI7,0,0
ID_L2UL9J,0,0
ID_9QKIW5,0,0
ID_MUCSDG,0,0
ID_NZ1ZYO,0,0
ID_72I8I7,0,0
ID_6SJDF2,0,0
ID_8IHH5L,0,0
ID_5UPZXB,0,0
ID_1S1QWL,0,0
ID_2ZGL0N,0,0
ID_7AWTQS,0,0
ID_YQWM5N,0,0
ID_CM89DM,0,0
ID_Z3RSFL,0,0
ID_IGBPSJ,0,0
ID_216VF1,0,0
ID_5QQJUV,0,0
ID_HZZTPA,0,0
ID_L2UJQ1,0,0
ID_MDBPYK,0,0
ID_MA07Q8,0,0
ID_STXXNQ,0,0
ID_29AS66,0,0
ID_EXZ263,0,0
ID_W6AGMM,0,0
ID_LW2DQB,0,0
ID_9ENK10,0,0
ID_AZ0K8K,0,0
ID_KH118C,0,0
ID_2YTU06,0,0
ID_6S162X,0,0
ID_S2BMSR,0,0
ID_GDRXZK,0,0
ID_QKESVL,0,0
ID_T8PMTR,0,0
ID_P2YEKJ,0,0
ID_ZD055Y,0,0
ID_G04O9Q,0,0
ID_4NN0FY,0,0
ID_LTO1BN,0,0
ID_GL1TVA,0,0
ID_5G0QLD,0,0
ID_GWLRZY,0,0
ID_VYIZJ7,0,0
ID_D6N381,0,0
ID_GK11NV,0,0
ID_LELBN3,0,0
ID_N6NKIV,0,0
ID_EK1GA8,0,0
ID_Q3K0SL,0,0
ID_MLNMOA,0,0
ID_ROM50W,0,0
ID_8EZI7W,0,0
ID_Z8WTGD,0,0
ID_36CMLS,0,0
ID_PSGLZO,0,0
ID_TO0DNP,0,0
ID_64W27E,0,0
ID_ZIW17F,0,0
ID_C9IV1B,0,0
ID_IK4H06,0,0
ID_0IYFDU,0,0
ID_IDGYSQ,0,0
ID_043DFT,0,0
ID_NI4C3K,0,0
ID_R7SBMN,0,0
ID_EDFV6P,0,0
ID_M7YEWE,0,0
ID_I1W902,0,0
ID_WCUF0W,0,0
ID_ZH221N,0,0
ID_9ZV5FL,0,0
ID_UL2AV6,0,0
ID_DDTFE1,0,0
ID_HYIS0D,0,0
ID_9OMR42,0,0
ID_5CUYWD,0,0
ID_H8W1TG,0,0
ID_XT7CUN,0,0
ID_C3ZD6K,0,0
ID_S6MYR2,0,0
ID_6F0PU0,0,0
ID_CJYKUQ,0,0
ID_XYALTN,0,0
ID_GKKCAG,0,0
ID_L7DQW1,0,0
ID_D076GW,0,0
ID_Y3LISJ,0,0
ID_PIWDN4,0,0
ID_JNYZQN,0,0
ID_29U7OH,0,0
ID_YR6CCB,0,0
ID_E7FHK8,0,0
ID_PR2A2S,0,0
ID_OTW2VA,0,0
ID_0RRWNU,0,0
ID_SEBCQE,0,0
ID_KCHP0M,0,0
ID_VHVIPA,0,0
ID_ZQD8GF,0,0
ID_JC39CL,0,0
ID_INESI3,0,0
ID_KFG8JV,0,0
ID_B8XHBD,0,0
ID_HPCP76,0,0
ID_MEO5S8,0,0
ID_Y4CNLE,0,0
ID_HD38SI,0,0
ID_15RO3I,0,0
ID_BGOSO3,0,0
ID_T0W5BH,0,0
ID_4KOPBG,0,0
ID_0NZ1KO,0,0
ID_QKFKUW,0,0
ID_GJSRQC,0,0
ID_6OR7RK,0,0
ID_4I00W0,0,0
ID_SVYR4K,0,0
ID_TR21BG,0,0
ID_FUU9BY,0,0
ID_Q66SOZ,0,0
ID_V2T4LW,0,0
ID_8ROQC6,0,0
ID_CFVD5N,0,0
ID_Y9PYAZ,0,0
ID_1L3B0S,0,0
ID_MKAK7C,0,0
ID_JV9CPB,0,0
ID_DF6UUP,0,0
ID_EOE59S,0,0
ID_YCD9TY,0,0
ID_UH7MHK,0,0
ID_TRW9SK,0,0
ID_0S6GEX,0,0
ID_J6BBY6,0,0
ID_EWVC18,0,0
ID_TPZAR3,0,0
ID_JBN7M8,0,0
ID_Q30DC1,0,0
ID_33PCSW,0,0
ID_N8UWRZ,0,0
ID_U1F3JH,0,0
ID_YMMKSP,0,0
ID_N8VRJ1,0,0
ID_31JXLB,0,0
ID_UGJ3TF,0,0
ID_BHBHET,0,0
ID_JKDR4B,0,0
ID_8ZCG9Y,0,0
ID_22DMSM,0,0
ID_86Z9V2,0,0
ID_5QD8GX,0,0
ID_9E90WT,0,0
ID_0JB9CE,0,0
ID_MYKPO1,0,0
ID_I9Y1Z9,0,0
ID_YZ8SQX,0,0
ID_IJ1QZZ,0,0
ID_RTGY27,0,0
ID_KJVRG8,0,0
ID_8FAGP9,0,0
ID_28NA3K,0,0
ID_J8SWL4,0,0
ID_P6FPZZ,0,0
ID_KHM4QW,0,0
ID_N4J9J8,0,0
ID_R7GW7K,0,0
ID_1O7BRC,0,0
ID_B9LBCJ,0,0
ID_MT89IQ,0,0
ID_CEC2LF,0,0
ID_M79JQD,0,0
ID_ADSNKH,0,0
ID_O33O61,0,0
ID_TI7YO5,0,0
ID_II4XWA,0,0
ID_SSY86Z,0,0
ID_5DX67W,0,0
ID_9UQJM9,0,0
ID_12IMEK,0,0
ID_LNCOXK,0,0
ID_YUNF7H,0,0
ID_1W6QCP,0,0
ID_SPRAZK,0,0
ID_B1CCT8,0,0
ID_R49NDR,0,0
ID_C1RL06,0,0
ID_HR7USI,0,0
ID_DUY2P9,0,0
ID_3IU9SS,0,0
ID_L0FSAE,0,0
ID_QNHPGR,0,0
ID_BWPNO7,0,0
ID_M6AZKT,0,0
ID_GYQDQH,0,0
ID_54XE67,0,0
ID_H6M1L6,0,0
ID_9NWT9I,0,0
ID_9VP7NJ,0,0
ID_4H9C9N,0,0
ID_P21MPI,0,0
ID_PBZ3T2,0,0
ID_VLO37D,0,0
ID_BMAMDE,0,0
ID_S0AXQO,0,0
ID_326TN8,0,0
ID_K66III,0,0
ID_SAFK1J,0,0
ID_B49DRU,0,0
ID_ODJ2CI,0,0
ID_5ARAL1,0,0
ID_NZX9UY,0,0
ID_KL228W,0,0
ID_08YPYX,0,0
ID_LG9RWF,0,0
ID_74DJ5S,0,0
ID_GFKBIO,0,0
ID_G3V2DH,0,0
ID_8WM4S3,0,0
ID_OSIQQQ,0,0
ID_BEF4AI,0,0
ID_LZ05D1,0,0
ID_3CGC9A,0,0
ID_DOWSK5,0,0
ID_4IL3O0,0,0
ID_I2AGIW,0,0
ID_QRZ6PZ,0,0
ID_ZNP3WK,0,0
ID_OZ0DL3,0,0
ID_DD7J5Z,0,0
ID_ZV1KQG,0,0
ID_1IEUIE,0,0
ID_EQ7K31,0,0
ID_Q2ZLJ2,0,0
ID_Z7CVFM,0,0
ID_3F3I3F,0,0
ID_PTZQ4Q,0,0
ID_DVUIVI,0,0
ID_0SZGMP,0,0
ID_F9CM00,0,0
ID_3CLOM3,0,0
ID_PMWZQB,0,0
ID_88OMVN,0,0
ID_IGYYZ9,0,0
ID_6F829W,0,0
ID_WK8TWS,0,0
ID_H48DAH,0,0
ID_R22UKU,0,0
ID_BK7Z3O,0,0
ID_ITYDA6,0,0
ID_GHZSPM,0,0
ID_V3HN6B,0,0
ID_6SGTW3,0,0
ID_R4BM3Y,0,0
ID_LE62XI,0,0
ID_67RWOB,0,0
ID_MSJD3F,0,0
ID_9PIWRX,0,0
ID_RWQ5UV,0,0
ID_06V7Y4,0,0
ID_YJV4FO,0,0
ID_YX9YP6,0,0
ID_L2LPSY,0,0
ID_6EBQ4G,0,0
ID_A3UGRW,0,0
ID_IDQP5H,0,0
ID_OV5N7T,0,0
ID_59Z3FC,0,0
ID_FGP0JC,0,0
ID_5CIWN5,0,0
ID_X7EYJ6,0,0
ID_QVIBR6,0,0
ID_6TQCT1,0,0
ID_LTYS9Q,0,0
ID_N71OGF,0,0
ID_Q5FIUE,0,0
ID_1Q1CDL,0,0
ID_6DOVO3,0,0
ID_G8UZZS,0,0
ID_AD5QF0,0,0
ID_9O28HQ,0,0
ID_SXQDJ7,0,0
ID_7KOVRB,0,0
ID_IREVGL,0,0
ID_2JGH8T,0,0
ID_INBG4W,0,0
ID_ZJ4Z2K,0,0
ID_Z6PWT7,0,0
ID_9H3DPO,0,0
ID_794J2W,0,0
ID_LGVHJW,0,0
ID_HWDGEK,0,0
ID_EA21U2,0,0
ID_37KVAI,0,0
ID_SLQFKI,0,0
ID_CHY5TP,0,0
ID_072WQI,0,0
ID_LMVXJQ,0,0
ID_6981F5,0,0
ID_T6FZLW,0,0
ID_PPX0IR,0,0
ID_IT5JXK,0,0
ID_GAOL25,0,0
ID_ZD93QR,0,0
ID_5ORC67,0,0
ID_81E322,0,0
ID_2AK5IO,0,0
ID_L10PJW,0,0
ID_YQZ4T2,0,0
ID_OZ6KIU,0,0
ID_JS1U7V,0,0
ID_B9CMU6,0,0
ID_URIEP2,0,0
ID_7UBFNJ,0,0
ID_8U5TLS,0,0
ID_1D2OEM,0,0
ID_BNVU24,0,0
ID_USH62S,0,0
ID_XQCF82,0,0
ID_AAXW8C,0,0
ID_I19C15,0,0
ID_SOZ01I,0,0
ID_7I016U,0,0
ID_GCM0UE,0,0
ID_U300GN,0,0
ID_NA24B9,0,0
ID_W0SXKD,0,0
ID_SUX6LW,0,0
ID_I3A3Z9,0,0
ID_IN09O8,0,0
ID_JDNAYH,0,0
ID_0HMPD2,0,0
ID_QGEKXA,0,0
ID_YJJJE1,0,0
ID_RUPM8F,0,0
ID_CA6ZFD,0,0
ID_E2O7NE,0,0
ID_GLWL0N,0,0
ID_SK83Y6,0,0
ID_LVXPV4,0,0
ID_CTISO5,0,0
ID_BWZTF6,0,0
ID_NIY1KJ,0,0
ID_BA6BC9,0,0
ID_CSP6YN,0,0
ID_V8ZT4F,0,0
ID_B9J8C0,0,0
ID_TG157J,0,0
ID_YF8WZN,0,0
ID_F8EHPH,0,0
ID_QROG2K,0,0
ID_VTV6S0,0,0
ID_ZS8UB1,0,0
ID_GYK1J2,0,0
ID_WSKTRW,0,0
ID_4EV4V1,0,0
ID_DV3ZB4,0,0
ID_IDE9AP,0,0
ID_3MSIQE,0,0
ID_NMIE9E,0,0
ID_67ZGWX,0,0
ID_4NMUB6,0,0
ID_4N3SOF,0,0
ID_YTSZ3C,0,0
ID_LI93FO,0,0
ID_YRQ0JS,0,0
ID_86IH2F,0,0
ID_X6MNV7,0,0
ID_6EC7VN,0,0
ID_8GXI9F,0,0
ID_3THC28,0,0
ID_EY821A,0,0
ID_NNJHMF,0,0
ID_VO85TV,0,0
ID_VSGAIR,0,0
ID_O7Q5SR,0,0
ID_PZERV2,0,0
ID_3MA8MF,0,0
ID_O786GN,0,0
ID_TJK2M6,0,0
ID_Y1U7EX,0,0
ID_YJJFZV,0,0
ID_AL2O7T,0,0
ID_RAPXLY,0,0
ID_0SC0SW,0,0
ID_57KUZV,0,0
ID_CWA6HG,0,0
ID_XSM6CB,0,0
ID_RTU8C3,0,0
ID_HFNFL0,0,0
ID_1O2APZ,0,0
ID_2215MV,0,0
ID_N4CON3,0,0
ID_NNVVWU,0,0
ID_C4N7X8,0,0
ID_EAMT0J,0,0
ID_E8V357,0,0
ID_JWWQTW,0,0
ID_O8K8I7,0,0
ID_EGVNAH,0,0
ID_1P54Z0,0,0
ID_GHHC9F,0,0
ID_TQMRF1,0,0
ID_994DS6,0,0
ID_WSH10O,0,0
ID_SL63EI,0,0
ID_RVTPGF,0,0
ID_8CIDPJ,0,0
ID_33X1MY,0,0
ID_M0FOYG,0,0
ID_9EQJF1,0,0
ID_Q6O7CL,0,0
ID_QHY6DZ,0,0
ID_63R9WY,0,0
ID_UC541W,0,0
ID_CNH6C3,0,0
ID_UD4HPQ,0,0
ID_0CXV0U,0,0
ID_ULBHOK,0,0
ID_Z7XGKQ,0,0
ID_MVJR90,0,0
ID_FA7BKJ,0,0
ID_WSSML6,0,0
ID_NQWKXR,0,0
ID_71DS9O,0,0
ID_C27Z7U,0,0
ID_PVRETH,0,0
ID_KFLV6D,0,0
ID_OIQTRA,0,0
ID_44IFT7,0,0
ID_ES0FAC,0,0
ID_AQLC2X,0,0
ID_9JL2B1,0,0
ID_R6KQFX,0,0
ID_A1NDJP,0,0
ID_T3HIFP,0,0
ID_D9MXM3,0,0
ID_HER9AQ,0,0
ID_6NYUNK,0,0
ID_XEC3H8,0,0
ID_UKE4SI,0,0
ID_XMCZG9,0,0
ID_LQEHH3,0,0
ID_TH2862,0,0
ID_Q0G3KC,0,0
ID_5THPBF,0,0
ID_1VXJCQ,0,0
ID_LDGI02,0,0
ID_L4TS3B,0,0
ID_W9US9Y,0,0
ID_ZMEJQD,0,0
ID_1CEYKB,0,0
ID_74BFS0,0,0
ID_URQVL6,0,0
ID_INLKH6,0,0
ID_LU82GX,0,0
ID_K1XJUK,0,0
ID_GCHHFU,0,0
ID_A9O643,0,0
ID_RG3TET,0,0
ID_56TAID,0,0
ID_RC5UFP,0,0
ID_6PLP9L,0,0
ID_U11IZD,0,0
ID_Z1ZS89,0,0
ID_DBJ3UZ,0,0
ID_MTEAX1,0,0
ID_V71E6Y,0,0
ID_Q6DDYS,0,0
ID_1Q46BZ,0,0
ID_1F1X4A,0,0
ID_X82M1F,0,0
ID_231L2F,0,0
ID_7BH3E6,0,0
ID_D5WVCB,0,0
ID_7BZL82,0,0
ID_YJH76H,0,0
ID_H2KY41,0,0
ID_A9E84P,0,0
ID_WG7AEZ,0,0
ID_LQU1X2,0,0
ID_K7KWX2,0,0
ID_NTVJYA,0,0
ID_W52HFB,0,0
ID_YQ43M6,0,0
ID_YFOX7C,0,0
ID_J47GPT,0,0
ID_Y3HSFB,0,0
ID_SX9S9A,0,0
ID_HH0TCV,0,0
ID_C15I2B,0,0
ID_D69CV3,0,0
ID_P6P3TQ,0,0
ID_3KF7D4,0,0
ID_JLXQDP,0,0
ID_L8UFAM,0,0
ID_UCONF0,0,0
ID_H9VHU5,0,0
ID_FMNV34,0,0
ID_2XPG40,0,0
ID_VPBDMP,0,0
ID_RXRA73,0,0
ID_ZUZB7I,0,0
ID_VE9NQ8,0,0
ID_2MVK0K,0,0
ID_L8CXGM,0,0
ID_01TH2K,0,0
ID_81JV97,0,0
ID_KPN0ZX,0,0
ID_EPVLBB,0,0
ID_378LDV,0,0
ID_LMYL7Z,0,0
ID_U85Y0V,0,0
ID_1Q47ZO,0,0
ID_CK5DKQ,0,0
ID_Q0QG27,0,0
ID_INOUQO,0,0
ID_1AAO6G,0,0
ID_R30HYB,0,0
ID_8UOEXW,0,0
ID_0CD3CN,0,0
ID_AR1C4I,0,0
ID_WLSUOJ,0,0
ID_BSE1SA,0,0
ID_VQFDJ7,0,0
ID_TN1OLD,0,0
ID_6T4D2F,0,0
ID_Z1TXUH,0,0
ID_COXJ8X,0,0
ID_BAPR04,0,0
ID_LR1N49,0,0
ID_SO4UDZ,0,0
ID_I9KGTT,0,0
ID_7JPXX5,0,0
ID_LLNZ5V,0,0
ID_G02ERA,0,0
ID_OCX1ML,0,0
ID_PQEKG9,0,0
ID_SF6CGM,0,0
ID_DEBBST,0,0
ID_VQ1COW,0,0
ID_56TI4F,0,0
ID_BCYT4A,0,0
ID_UND673,0,0
ID_PQD72S,0,0
ID_OUUQYF,0,0
ID_NB2YSI,0,0
ID_OUS1FL,0,0
ID_78UH5A,0,0
ID_RL677S,0,0
ID_6PGJRW,0,0
ID_E7X9US,0,0
ID_Q67YC7,0,0
ID_U4W9YX,0,0
ID_RGBYC4,0,0
ID_KF5UY5,0,0
ID_TYSR4K,0,0
ID_8KEA3K,0,0
ID_TMAYW6,0,0
ID_ICOU3Y,0,0
ID_L7MGIC,0,0
ID_ADAE3S,0,0
ID_83EZO9,0,0
ID_SU1XNH,0,0
ID_S0I9B6,0,0
ID_RM5R8H,0,0
ID_ZGOHO2,0,0
ID_RBJ02H,0,0
ID_0N7S6B,0,0
ID_GPF8KR,0,0
ID_AV3BX7,0,0
ID_RUE2W6,0,0
ID_EX4V32,0,0
ID_ACYXZF,0,0
ID_3TEPQQ,0,0
ID_ZMDNDD,0,0
ID_YQ3AEM,0,0
ID_QHDRGJ,0,0
ID_HO6RPW,0,0
ID_FGQOIL,0,0
ID_ITIH18,0,0
ID_IYW3H2,0,0
ID_3R2FGL,0,0
ID_U0WEUA,0,0
ID_G8TY4M,0,0
ID_TP4Q9M,0,0
ID_INF5B9,0,0
ID_RCTTSQ,0,0
ID_GH6UG1,0,0
ID_X3N9WA,0,0
ID_6VQGEC,0,0
ID_L3DJB1,0,0
ID_EB1D8C,0,0
ID_UN6LFF,0,0
ID_1VY3BQ,0,0
ID_TDI43T,0,0
ID_76R77D,0,0
ID_VJ8NPM,0,0
ID_LTXV90,0,0
ID_2X0H5E,0,0
ID_EBU1R6,0,0
ID_1JUEHC,0,0
ID_3HJ4V2,0,0
ID_NM0CD3,0,0
ID_9SPRKL,0,0
ID_Y1RUR2,0,0
ID_GVN35E,0,0
ID_W98BY2,0,0
ID_JGIP62,0,0
ID_FRZE7R,0,0
ID_EZWAE9,0,0
ID_3Y4Q01,0,0
ID_4THI8J,0,0
ID_K9BMZS,0,0
ID_7INLSR,0,0
ID_TEGJD2,0,0
ID_60DZ2K,0,0
ID_FUN5V4,0,0
ID_2KUO9Q,0,0
ID_J2FDP6,0,0
ID_JFVQ68,0,0
ID_MQLL2H,0,0
ID_WF99RN,0,0
ID_594IY0,0,0
ID_5RJIWV,0,0
ID_V61VQF,0,0
ID_RRNTXZ,0,0
ID_GDO1NL,0,0
ID_EORW53,0,0
ID_5GQZ29,0,0
ID_HGWYR6,0,0
ID_H5XP69,0,0
ID_GB3BU7,0,0
ID_RCPYB3,0,0
ID_BRMY65,0,0
ID_R6GO3R,0,0
ID_158Q2M,0,0
ID_EKDF7E,0,0
ID_WKJ0AV,0,0
ID_LO3R2H,0,0
ID_WFQ5CS,0,0
ID_QHH4M0,0,0
ID_FBM4QY,0,0
ID_LUNQZG,0,0
ID_HYSI56,0,0
ID_NPD2PW,0,0
ID_B7HEXQ,0,0
ID_1GVR0B,0,0
ID_H6GIJY,0,0
ID_CJIBMV,0,0
ID_4R68YD,0,0
ID_HKNE7M,0,0
ID_OIAXAU,0,0
ID_HY42E5,0,0
ID_TDJZ7C,0,0
ID_48ZULA,0,0
ID_ARLS40,0,0
ID_6Z9FD7,0,0
ID_49CCD5,0,0
ID_9RFGVN,0,0
ID_YZ8GPD,0,0
ID_H6UAF5,0,0
ID_FMOAB8,0,0
ID_2OKAG7,0,0
ID_TDUXHK,0,0
ID_QSZ1MV,0,0
ID_ID2I15,0,0
ID_T0H9JR,0,0
ID_10O4F1,0,0
ID_SSTMI0,0,0
ID_O3QHZN,0,0
ID_4Y99HR,0,0
ID_NIPCWP,0,0
ID_5UJBI3,0,0
ID_JF8XTT,0,0
ID_XJCA4J,0,0
ID_ILMMSA,0,0
ID_OFC47N,0,0
ID_G40ONP,0,0
ID_HBG8CX,0,0
ID_NBL86U,0,0
ID_ULMAUU,0,0
ID_513LVA,0,0
ID_ISCELP,0,0
ID_L3S4XH,0,0
ID_XGLOS3,0,0
ID_WLM71C,0,0
ID_HKYEBJ,0,0
ID_MCJLOD,0,0
ID_78Z4FS,0,0
ID_X9RBBB,0,0
ID_80TADM,0,0
ID_WS5LKI,0,0
ID_H3JJXQ,0,0
ID_L1IZ0M,0,0
ID_JY35YX,0,0
ID_XQ5RC1,0,0
ID_4WVGZX,0,0
ID_4LVYIH,0,0
ID_NPA1DU,0,0
ID_MS911K,0,0
ID_DWVX6D,0,0
ID_3L96HU,0,0
ID_IYZ7QU,0,0
ID_7JTI53,0,0
ID_Y6FCJ3,0,0
ID_8BSNVV,0,0
ID_6QSD29,0,0
ID_D8UEX4,0,0
ID_AC0FH5,0,0
ID_YYR1IN,0,0
ID_YU38QT,0,0
ID_L4NUIY,0,0
ID_9UI86K,0,0
ID_CKQX0I,0,0
ID_BNIZ7P,0,0
ID_GFQ0MC,0,0
ID_VV8RP9,0,0
ID_HUJ895,0,0
ID_GKWGQL,0,0
ID_KBG5W3,0,0
ID_5Q0QTA,0,0
ID_T8RQBH,0,0
ID_LK66XN,0,0
ID_0ZW0B9,0,0
ID_8NAUIR,0,0
ID_O2B77B,0,0
ID_0C30M4,0,0
ID_DUL2AH,0,0
ID_7KWY6Z,0,0
ID_JMSSK2,0,0
ID_AW7KFG,0,0
ID_D3UZ5A,0,0
ID_EPP96Y,0,0
ID_WVK51G,0,0
ID_QM0KXJ,0,0
ID_B1IQUF,0,0
ID_WK2QR8,0,0
ID_OEVATH,0,0
ID_XQSRZR,0,0
ID_JW2UES,0,0
ID_V26SCD,0,0
ID_NK69E1,0,0
ID_K6JERF,0,0
ID_YQC9YW,0,0
ID_JXKA21,0,0
ID_609X4Y,0,0
ID_BY40BY,0,0
ID_KMKFNX,0,0
ID_75B6ON,0,0
ID_VKHW76,0,0
ID_PGLPRV,0,0
ID_T3CG0K,0,0
ID_JGLAHL,0,0
ID_5NITQ0,0,0
ID_BBO5IY,0,0
ID_N4IPBL,0,0
ID_5YL9QR,0,0
ID_E1P1CP,0,0
ID_YES9NZ,0,0
ID_SYFCJM,0,0
ID_FPL24O,0,0
ID_1631U5,0,0
ID_6WZFO2,0,0
ID_80IOHB,0,0
ID_FRPD9G,0,0
ID_PP53JQ,0,0
ID_CHOHZC,0,0
ID_BWY8ZS,0,0
ID_VHWO1M,0,0
ID_FLNFWE,0,0
ID_XE9QPV,0,0
ID_CEXF3B,0,0
ID_ZCQSUL,0,0
ID_KQAH2L,0,0
ID_ZNVECF,0,0
ID_4DZCX9,0,0
ID_5VWYW2,0,0
ID_I6WNNT,0,0
ID_UXL4XJ,0,0
ID_EM1FZ0,0,0
ID_1VKRH6,0,0
ID_XBSIZ1,0,0
ID_0L4TSP,0,0
ID_HC1C54,0,0
ID_020ZUJ,0,0
ID_P5RS43,0,0
ID_T8PLIL,0,0
ID_810JL2,0,0
ID_XG4Z9I,0,0
ID_KJJ6AP,0,0
ID_4M1NND,0,0
ID_M9W9XG,0,0
ID_875D9E,0,0
ID_1CEBOG,0,0
ID_TX815U,0,0
ID_9Y5SY4,0,0
ID_HQJUC9,0,0
ID_UXHYN2,0,0
ID_7TRMGL,0,0
ID_97BA2K,0,0
ID_A4PBZB,0,0
ID_UJNK2I,0,0
ID_CV6IP6,0,0
ID_NNLGDR,0,0
ID_HFC0SJ,0,0
ID_S26SSP,0,0
ID_0FKWQD,0,0
ID_6GI7LT,0,0
ID_XJF67U,0,0
ID_296T2W,0,0
ID_G0X5IR,0,0
ID_IT9GT9,0,0
ID_XYFTZ1,0,0
ID_UTOH91,0,0
ID_S7KOAB,0,0
ID_8NCKYC,0,0
ID_QW7QG7,0,0
ID_CHUGGB,0,0
ID_VKY43Y,0,0
ID_AT97O5,0,0
ID_HRYAPS,0,0
ID_1LQJXD,0,0
ID_7CHFAV,0,0
ID_RL3Z8P,0,0
ID_M8P3ND,0,0
ID_JH65NS,0,0
ID_OAHCJO,0,0
ID_QGSB5X,0,0
ID_IVGDUQ,0,0
ID_G6SXD0,0,0
ID_OU44Y7,0,0
ID_TJKNXZ,0,0
ID_0LTXC3,0,0
ID_CRL5WE,0,0
ID_6DK245,0,0
ID_FGGG7G,0,0
ID_DOP4BG,0,0
ID_DQAD0R,0,0
ID_RITE19,0,0
ID_YG8AZU,0,0
ID_GMK7FN,0,0
ID_QEHPS6,0,0
ID_ZW3G54,0,0
ID_G8WEC5,0,0
ID_NX92AJ,0,0
ID_WVHLIB,0,0
ID_TVJ6T6,0,0
ID_ZYPU8E,0,0
ID_J4ET36,0,0
ID_G5F3YK,0,0
ID_HA28NG,0,0
ID_QJ0VXF,0,0
ID_DP153Y,0,0
ID_5EKGZF,0,0
ID_XF6O0X,0,0
ID_UQZ6U8,0,0
ID_BKGLWY,0,0
ID_2QQ5PD,0,0
ID_SK0F3F,0,0
ID_KBIM0Z,0,0
ID_WPAHJX,0,0
ID_4HSWFL,0,0
ID_Z38WCN,0,0
ID_W06T4O,0,0
ID_HS4IJR,0,0
ID_8X1J3A,0,0
ID_V5RZII,0,0
ID_LL2K5K,0,0
ID_PN177M,0,0
ID_U1KS9W,0,0
ID_R9TZDX,0,0
ID_NRTWBK,0,0
ID_0PGD9C,0,0
ID_WK28FR,0,0
ID_G1JU78,0,0
ID_7QKNXT,0,0
ID_YXFZ2D,0,0
ID_93SM5M,0,0
ID_3DB7N1,0,0
ID_14Z6MV,0,0
ID_01HGVZ,0,0
ID_YF5H5D,0,0
ID_IDQ65O,0,0
ID_RXSZU8,0,0
ID_P7J2AB,0,0
ID_HDUSHL,0,0
ID_F4W10D,0,0
ID_AZ2YZL,0,0
ID_ZS3RKG,0,0
ID_NFHJS1,0,0
ID_UKOQPS,0,0
ID_7M2JNR,0,0
ID_TUP14F,0,0
ID_OXMDE5,0,0
ID_24VWIP,0,0
ID_0VFJU5,0,0
ID_94ZS8D,0,0
ID_2EUJ1Z,0,0
ID_GZ0E39,0,0
ID_DV8UGI,0,0
ID_MXCVUQ,0,0
ID_9T8QC4,0,0
ID_8YJZJS,0,0
ID_93YBGI,0,0
ID_PPQYQ9,0,0
ID_IPB4QC,0,0
ID_IWNXP1,0,0
ID_NH47PX,0,0
ID_ZIH773,0,0
ID_TLTWD4,0,0
ID_L0RZXV,0,0
ID_6Z40MO,0,0
ID_Q8F0RV,0,0
ID_CAAREN,0,0
ID_UBRGFI,0,0
ID_CVGLHS,0,0
ID_OST7Q9,0,0
ID_RSY0AU,0,0
ID_X73RUG,0,0
ID_NGTUSU,0,0
ID_TSLMD5,0,0
ID_X3KE1W,0,0
ID_LPM75D,0,0
ID_DC34W6,0,0
ID_E2OK77,0,0
ID_T71EOE,0,0
ID_Q3AOY3,0,0
ID_OQ3O3O,0,0
ID_Y4ZORX,0,0
ID_Y69A8I,0,0
ID_MN6ZVG,0,0
ID_RP0QDR,0,0
ID_D9YFSL,0,0
ID_OGK9QH,0,0
ID_4XZOJM,0,0
ID_ZBOF05,0,0
ID_KBZPUP,0,0
ID_0Z0FTY,0,0
ID_2VOK5G,0,0
ID_4D85EA,0,0
ID_RIZXM1,0,0
ID_FWWCI9,0,0
ID_1W1KX7,0,0
ID_PUWYYS,0,0
ID_KWW9N8,0,0
ID_TR6NHK,0,0
ID_KR72XN,0,0
ID_ZG392M,0,0
ID_8RJM94,0,0
ID_H3F255,0,0
ID_EYG08D,0,0
ID_L6OV16,0,0
ID_2QSAPM,0,0
ID_09E7L6,0,0
ID_ULB6Q2,0,0
ID_CUEOEC,0,0
ID_4MD3YY,0,0
ID_0AFRZ4,0,0
ID_PRC7WF,0,0
ID_KQ8ZK0,0,0
ID_NGRBFP,0,0
ID_QORALB,0,0
ID_PC9XC8,0,0
ID_KWWEUE,0,0
ID_O6X0Y1,0,0
ID_LZP3LB,0,0
ID_3BAM97,0,0
ID_POFTLY,0,0
ID_LZMLFP,0,0
ID_9BQPPM,0,0
ID_ZEJC10,0,0
ID_OH1KQH,0,0
ID_HNYJ0X,0,0
ID_82BSZP,0,0
ID_U3LH0S,0,0
ID_LRH79E,0,0
ID_NYA3OL,0,0
ID_GHTGCS,0,0
ID_FUXOB3,0,0
ID_KSX96J,0,0
ID_1J7F31,0,0
ID_DT6MQX,0,0
ID_L0NU32,0,0
ID_D9PSV3,0,0
ID_RLJP7B,0,0
ID_WLT8NU,0,0
ID_WMF525,0,0
ID_6W1K62,0,0
ID_4Y5TI4,0,0
ID_ED9T42,0,0
ID_TWIFJ5,0,0
ID_CSAXBO,0,0
ID_LK5BUF,0,0
ID_84MJXI,0,0
ID_IBGHL9,0,0
ID_SP226E,0,0
ID_2JWFK6,0,0
ID_TU0JNS,0,0
ID_LH0JDZ,0,0
ID_JYLZQG,0,0
ID_LORRW1,0,0
ID_XFBJEV,0,0
ID_1KWIWU,0,0
ID_02ZZE0,0,0
ID_02Q2SS,0,0
ID_FT7I8U,0,0
ID_L20OLW,0,0
ID_AUPDV4,0,0
ID_DB977F,0,0
ID_HZB4LW,0,0
ID_LFFJUS,0,0
ID_RABC5X,0,0
ID_IJ8QLK,0,0
ID_2DJ4B9,0,0
ID_IZ2UET,0,0
ID_2U0OJN,0,0
ID_01W497,0,0
ID_T9ICVB,0,0
ID_37TP2C,0,0
ID_1JR8WQ,0,0
ID_JMCCGW,0,0
ID_WZAE2G,0,0
ID_DXWK0H,0,0
ID_GJXZSS,0,0
ID_HPS6G0,0,0
ID_K8XQVS,0,0
ID_E08SMW,0,0
ID_UJIREX,0,0
ID_1KWBLK,0,0
ID_ZHZ9YG,0,0
ID_O0P562,0,0
ID_ED1L9M,0,0
ID_I40X5W,0,0
ID_I2LVQH,0,0
ID_06DU6Y,0,0
ID_ITMMSL,0,0
ID_Z3QZQC,0,0
ID_XCK1IN,0,0
ID_6S03EH,0,0
ID_95S1ER,0,0
ID_43K3VR,0,0
ID_6VY4YK,0,0
ID_ZJ6E08,0,0
ID_QBF08C,0,0
ID_NY95DS,0,0
ID_71YXZD,0,0
ID_UOCU28,0,0
ID_TUU3CH,0,0
ID_DHPEUU,0,0
ID_7SW6UH,0,0
ID_NM9WUP,0,0
ID_SO03MV,0,0
ID_NTT62P,0,0
ID_ZZ8MZC,0,0
ID_M05FES,0,0
ID_D89CRM,0,0
ID_B92O0N,0,0
ID_BQBJLJ,0,0
ID_SE2BV1,0,0
ID_44ABWQ,0,0
ID_YEHJ12,0,0
ID_GCHYQO,0,0
ID_T3UDMO,0,0
ID_6HDEJI,0,0
ID_GMLUOT,0,0
ID_23SLQM,0,0
ID_RQ64QZ,0,0
ID_G6ZDQJ,0,0
ID_E0W5JE,0,0
ID_12SXTJ,0,0
ID_WAQIES,0,0
ID_4H2NYB,0,0
ID_TLQWQJ,0,0
ID_CHAN91,0,0
ID_M7Q180,0,0
ID_FG941Z,0,0
ID_KSLBPM,0,0
ID_YD8CY5,0,0
ID_MZP77Q,0,0
ID_6TFE35,0,0
ID_6BNCIU,0,0
ID_GS0D10,0,0
ID_VE2UBI,0,0
ID_9BUL8T,0,0
ID_MX6K8E,0,0
ID_6VPGD9,0,0
ID_XR5V1Q,0,0
ID_3RM6L0,0,0
ID_JQE8OA,0,0
ID_CRZ06X,0,0
ID_CDCP9A,0,0
ID_JXJ6RR,0,0
ID_JWORXX,0,0
ID_AM9D3L,0,0
ID_8I7E7G,0,0
ID_DNJOMU,0,0
ID_JTQ4BF,0,0
ID_9B6HO7,0,0
ID_JR3PYY,0,0
ID_HT8OOK,0,0
ID_8S6B7P,0,0
ID_ZYK4LU,0,0
ID_RGKMQ4,0,0
ID_OYP938,0,0
ID_842J0J,0,0
ID_MR8N9F,0,0
ID_5NQYO9,0,0
ID_24OT75,0,0
ID_PPES5C,0,0
ID_RYIBNU,0,0
ID_KPLKAA,0,0
ID_8UMA23,0,0
ID_5Q9PQX,0,0
ID_KAH46Q,0,0
ID_7HR7CI,0,0
ID_P0LFBY,0,0
ID_LXZDMM,0,0
ID_LE0YZI,0,0
ID_XNCJQO,0,0
ID_YHNEPT,0,0
ID_N95W55,0,0
ID_QYINR7,0,0
ID_3G0RZ7,0,0
ID_9ZK8C0,0,0
ID_NQJ8FU,0,0
ID_D7BJVB,0,0
ID_VS7FWT,0,0
ID_1F2FTW,0,0
ID_XP0V8Y,0,0
ID_01CXK6,0,0
ID_1EOFVU,0,0
ID_05FBW6,0,0
ID_4RVCQ0,0,0
ID_JIIMRO,0,0
ID_2SB7KQ,0,0
ID_QJOYOG,0,0
ID_ZV85KP,0,0
ID_82JGCE,0,0
ID_59UU7Y,0,0
ID_4VD26O,0,0
ID_KIEMEQ,0,0
ID_45OTY8,0,0
ID_VM8Z8D,0,0
ID_PD44IT,0,0
ID_NBRQZ4,0,0
ID_EVOJ8S,0,0
ID_24DB3K,0,0
ID_BA3SAD,0,0
ID_JX14OP,0,0
ID_I5G2S1,0,0
ID_PF5M2J,0,0
ID_H1YB7C,0,0
ID_LO8UMO,0,0
ID_2YYMUD,0,0
ID_S2DRXP,0,0
ID_I5A1D7,0,0
ID_LSJ7ED,0,0
ID_SC5RBT,0,0
ID_M8HL4Z,0,0
ID_0YCOL8,0,0
ID_V7NBWZ,0,0
ID_LWPS76,0,0
ID_CT8Y1S,0,0
ID_7SWHBA,0,0
ID_TXT6FI,0,0
ID_5PX0ZU,0,0
ID_PED83A,0,0
ID_HHWI07,0,0
ID_IRIGTL,0,0
ID_Y59419,0,0
ID_XUEMF0,0,0
ID_2O4RJS,0,0
ID_VNG2AS,0,0
ID_2D1VCC,0,0
ID_PXSIK5,0,0
ID_9FVHK4,0,0
ID_UYH78W,0,0
ID_C85P7F,0,0
ID_MZXRGQ,0,0
ID_TWTDRC,0,0
ID_AG89S6,0,0
ID_RLYI6D,0,0
ID_BKHE85,0,0
ID_QOIHDA,0,0
ID_BA07PC,0,0
ID_ECH4WK,0,0
ID_EZ9JNL,0,0
ID_G6FM3W,0,0
ID_TDENH3,0,0
ID_8DC4Q3,0,0
ID_MA09E2,0,0
ID_J73JAP,0,0
ID_2SZ4DA,0,0
ID_O0EB98,0,0
ID_TK34VR,0,0
ID_N01N1J,0,0
ID_RZTKS3,0,0
ID_6JFPHG,0,0
ID_UWIOMV,0,0
ID_11P2HY,0,0
ID_SZDN7H,0,0
ID_DCJJY8,0,0
ID_QAGU0P,0,0
ID_UZ3E3A,0,0
ID_F794BR,0,0
ID_LWV0PA,0,0
ID_WIN0KZ,0,0
ID_0HML04,0,0
ID_28Y8JB,0,0
ID_AS7GGB,0,0
ID_BFMSG5,0,0
ID_F42JQN,0,0
ID_HO5YQS,0,0
ID_5MRH5W,0,0
ID_PWSCHD,0,0
ID_8J5LC5,0,0
ID_552OU6,0,0
ID_VRB0KU,0,0
ID_PO6MKU,0,0
ID_J43XM3,0,0
ID_1HIAM4,0,0
ID_Q1OKX4,0,0
ID_Y705ES,0,0
ID_QV6WHJ,0,0
ID_NA9KGO,0,0
ID_IFX977,0,0
ID_6CSZEV,0,0
ID_IWHI77,0,0
ID_8NWDQM,0,0
ID_9E130X,0,0
ID_3N36IX,0,0
ID_ZPR5CI,0,0
ID_LVQ3DO,0,0
ID_7XTS8I,0,0
ID_9LZ6NO,0,0
ID_V108IA,0,0
ID_GRBE9F,0,0
ID_W2NKWU,0,0
ID_V1BL6V,0,0
ID_VQS0ZT,0,0
ID_P2BC3V,0,0
ID_3PCL0J,0,0
ID_IXJ344,0,0
ID_QU9IP5,0,0
ID_89KZGE,0,0
ID_9BCA6V,0,0
ID_JMNHFU,0,0
ID_PQIE38,0,0
ID_B1CAQL,0,0
ID_MH2S0W,0,0
ID_IBT7R1,0,0
ID_5QKSGT,0,0
ID_W88WKK,0,0
ID_NS0CBP,0,0
ID_5KBK8K,0,0
ID_OJ3RHF,0,0
ID_BG8T9E,0,0
ID_XSDJOZ,0,0
ID_6E0G18,0,0
ID_N56SOL,0,0
ID_1QS26Y,0,0
ID_X2E8G7,0,0
ID_FGB3W5,0,0
ID_EZD57T,0,0
ID_S3LBC0,0,0
ID_K9GZ6I,0,0
ID_ZJKTP7,0,0
ID_NIOMT1,0,0
ID_1H1C4L,0,0
ID_JXE98S,0,0
ID_H2VYZW,0,0
ID_SBPJUE,0,0
ID_OGAAUP,0,0
ID_44BJGC,0,0
ID_CLZJ2C,0,0
ID_BT256U,0,0
ID_EVQX94,0,0
ID_V7VHNL,0,0
ID_22ZNP6,0,0
ID_2PGMYB,0,0
ID_NYG0YZ,0,0
ID_T7INUE,0,0
ID_MEOS4O,0,0
ID_NM6X5I,0,0
ID_UMBXOZ,0,0
ID_BH00U6,0,0
ID_7MFWJV,0,0
ID_Z973IX,0,0
ID_530HPH,0,0
ID_NCD75P,0,0
ID_41C378,0,0
ID_NZMKTW,0,0
ID_349NGI,0,0
ID_J5K989,0,0
ID_QGNJS9,0,0
ID_K1FYZ1,0,0
ID_Q2XAM2,0,0
ID_7ACZAK,0,0
ID_NEKH5U,0,0
ID_3QH88F,0,0
ID_6BDDU6,0,0
ID_FDHOTE,0,0
ID_E8I5RE,0,0
ID_NUU4HZ,0,0
ID_MYW8OA,0,0
ID_RD3NBD,0,0
ID_Q04F8B,0,0
ID_M54P1E,0,0
ID_Z4OI62,0,0
ID_3VD2N0,0,0
ID_32LVHU,0,0
ID_3GGEDI,0,0
ID_CVG62O,0,0
ID_IKWAJI,0,0
ID_RRQY14,0,0
ID_4F3AEV,0,0
ID_3I8NW4,0,0
ID_7RV4MH,0,0
ID_VA70VF,0,0
ID_QQAK0O,0,0
ID_TOT1U4,0,0
ID_19O7CP,0,0
ID_CUN0K9,0,0
ID_M9FCQ2,0,0
ID_ZEEKS1,0,0
ID_CJXDP3,0,0
ID_O1Q4SF,0,0
ID_EDAYX2,0,0
ID_PJIW6D,0,0
ID_EYWLV7,0,0
ID_2OZQCP,0,0
ID_O1Q6TO,0,0
ID_67JUIZ,0,0
ID_4722WW,0,0
ID_901BHU,0,0
ID_YLZG7N,0,0
ID_OG2JMI,0,0
ID_K0G9Y0,0,0
ID_08X9ZA,0,0
ID_TSISX0,0,0
ID_MVO2FG,0,0
ID_VPOPE5,0,0
ID_GPBDM1,0,0
ID_EB12HI,0,0
ID_D6GWDQ,0,0
ID_YT6C6Y,0,0
ID_3CPTNU,0,0
ID_XJOQEA,0,0
ID_GJU9LH,0,0
ID_9SYQMD,0,0
ID_4I4YI2,0,0
ID_FI8OIB,0,0
ID_3XTRY6,0,0
ID_BK5Q9Y,0,0
ID_YIE0MP,0,0
ID_7T9V0L,0,0
ID_I2YUQD,0,0
ID_VTIYII,0,0
ID_EC34QD,0,0
ID_ROPN0F,0,0
ID_GB8PRF,0,0
ID_9XUKNY,0,0
ID_CXRC23,0,0
ID_5HPRJY,0,0
ID_MCE0GJ,0,0
ID_4KQX0V,0,0
ID_137ITK,0,0
ID_RAJB9M,0,0
ID_LLUHRR,0,0
ID_RYHOG2,0,0
ID_FT5CLQ,0,0
ID_O65A3Y,0,0
ID_KIXFTP,0,0
ID_6LRHIH,0,0
ID_IAEW7A,0,0
ID_TPO4QV,0,0
ID_W0KNKT,0,0
ID_17YASU,0,0
ID_HXX1D6,0,0
ID_7U11S1,0,0
ID_DVI6DY,0,0
ID_5FJ58G,0,0
ID_TJWTEI,0,0
ID_AQZTY3,0,0
ID_9C9VIJ,0,0
ID_RX2499,0,0
ID_IK88HV,0,0
ID_GIJKVK,0,0
ID_YZWSYD,0,0
ID_FXSKCC,0,0
ID_RPEW2W,0,0
ID_D1BE5P,0,0
ID_U6KPCX,0,0
ID_BUUGN4,0,0
ID_6XR6WW,0,0
ID_6YXFJS,0,0
ID_Q3JR76,0,0
ID_7WKWCM,0,0
ID_TD7881,0,0
ID_N4LYF3,0,0
ID_6KAVYQ,0,0
ID_IXQCP0,0,0
ID_R5QGS4,0,0
ID_8M9IUI,0,0
ID_S4LYOO,0,0
ID_PD1QMU,0,0
ID_5TJ8C1,0,0
ID_V1ITS4,0,0
ID_MJCN81,0,0
ID_WONEJ5,0,0
ID_S5HVQD,0,0
ID_GXVYN9,0,0
ID_5LJJ95,0,0
ID_KVVAQ5,0,0
ID_W3D7QV,0,0
ID_UFFDKX,0,0
ID_0ORIF6,0,0
ID_E1Y18Q,0,0
ID_Y3WNN2,0,0
ID_PK31YY,0,0
ID_VOMP00,0,0
ID_QISBD8,0,0
ID_VT69OA,0,0
ID_V7WFCJ,0,0
ID_QOA9KM,0,0
ID_4WZJOZ,0,0
ID_VP6A3H,0,0
ID_ED53IK,0,0
ID_XOPZ8F,0,0
ID_32Y7HJ,0,0
ID_45RMBF,0,0
ID_DEL1CO,0,0
ID_GUDUQ3,0,0
ID_7HR9RW,0,0
ID_1JHML5,0,0
ID_MUYC8L,0,0
ID_STXLSQ,0,0
ID_698TBB,0,0
ID_C1XG59,0,0
ID_W8I2A2,0,0
ID_X8YR19,0,0
ID_O1C1ZD,0,0
ID_G564HV,0,0
ID_ZKGOXT,0,0
ID_YV6PCZ,0,0
ID_ZG0SHD,0,0
ID_LVDIEN,0,0
ID_2TO7NX,0,0
ID_LPUQ35,0,0
ID_452VY2,0,0
ID_L5I3GP,0,0
ID_99WFT6,0,0
ID_JVZNOP,0,0
ID_3KA14K,0,0
ID_GMQH2Q,0,0
ID_2X76BI,0,0
ID_HJQOZN,0,0
ID_9FGRNN,0,0
ID_BFF85C,0,0
ID_LVCCT5,0,0
ID_N0K1BC,0,0
ID_TSTCYD,0,0
ID_Q2EGQD,0,0
ID_S5329Z,0,0
ID_OUOJGQ,0,0
ID_H98DLW,0,0
ID_FVUB06,0,0
ID_DM04TA,0,0
ID_HR988M,0,0
ID_3NVVDE,0,0
ID_90GTIT,0,0
ID_IBB5JX,0,0
ID_KDUEQC,0,0
ID_KZAMBY,0,0
ID_HZLHPR,0,0
ID_H2RP51,0,0
ID_0JOCCD,0,0
ID_OR49EP,0,0
ID_U7SVE3,0,0
ID_N7BPTX,0,0
ID_N4UKKK,0,0
ID_CO8PU4,0,0
ID_IVYD0D,0,0
ID_05PA3C,0,0
ID_VVUI9O,0,0
ID_PYGRFC,0,0
ID_RE6I2F,0,0
ID_4BEGL8,0,0
ID_698WNR,0,0
ID_0CHUKO,0,0
ID_ZF9L5N,0,0
ID_DH8D14,0,0
ID_P9DZIG,0,0
ID_A6J8X3,0,0
ID_0GX3JW,0,0
ID_QMOK21,0,0
ID_I5QYW1,0,0
ID_5KUCHI,0,0
ID_ELLTV0,0,0
ID_GD0WSP,0,0
ID_E6YNEH,0,0
ID_YXIL6I,0,0
ID_YTT3DT,0,0
ID_I0K3PD,0,0
ID_JYN8TP,0,0
ID_W6A3JZ,0,0
ID_F2TAOR,0,0
ID_L73337,0,0
ID_11539G,0,0
ID_6NEMDS,0,0
ID_0EOGGV,0,0
ID_DV6TSP,0,0
ID_RDGH4R,0,0
ID_SVDCM5,0,0
ID_HAQIJY,0,0
ID_EYXQDJ,0,0
ID_LKQWH6,0,0
ID_9D2382,0,0
ID_I7LGWR,0,0
ID_97P37F,0,0
ID_ZL6H9I,0,0
ID_VVRT5U,0,0
ID_ZMMFI5,0,0
ID_JCUDH7,0,0
ID_J7Y0ZH,0,0
ID_YYSLFR,0,0
ID_C5PO1G,0,0
ID_505S57,0,0
ID_FPXVCK,0,0
ID_UBSZW1,0,0
ID_L6XN5F,0,0
ID_8ATU14,0,0
ID_2MVF4O,0,0
ID_B4NS22,0,0
ID_VQXZKG,0,0
ID_OC9OFX,0,0
ID_A5V4M4,0,0
ID_UM3YL0,0,0
ID_BICKPC,0,0
ID_AOQ0SS,0,0
ID_YSCCYZ,0,0
ID_2IZXGU,0,0
ID_UT5ZSF,0,0
ID_3HTJZ3,0,0
ID_X7J9AG,0,0
ID_5WRM2E,0,0
ID_YWNKSG,0,0
ID_4H5P3K,0,0
ID_UA0UGD,0,0
ID_OAX5ZG,0,0
ID_VDE6LP,0,0
ID_EINSQD,0,0
ID_UNVSP4,0,0
ID_Z32P5R,0,0
ID_G2WN80,0,0
ID_HHIBKJ,0,0
ID_YYA2YC,0,0
ID_FGL92D,0,0
ID_DJPLMV,0,0
ID_QS9FTG,0,0
ID_4O1UCL,0,0
ID_MTLVLQ,0,0
ID_I6S5DU,0,0
ID_20I8GB,0,0
ID_OJNNZR,0,0
ID_3257YZ,0,0
ID_77HJW9,0,0
ID_7RSJSR,0,0
ID_KJEOW3,0,0
ID_L29ZJA,0,0
ID_42WVZV,0,0
ID_XLXYTV,0,0
ID_GH1XB1,0,0
ID_0SCXPS,0,0
ID_J7JVLM,0,0
ID_F95LVR,0,0
ID_WGWYQY,0,0
ID_XY8OIG,0,0
ID_3YEOE0,0,0
ID_UG3D9Z,0,0
ID_FZAWCN,0,0
ID_6HTYIO,0,0
ID_D5949V,0,0
ID_M3OTUI,0,0
ID_G5QTOI,0,0
ID_F3CUY8,0,0
ID_WBS430,0,0
ID_CEQZTE,0,0
ID_I8Z4IT,0,0
ID_RF5QWW,0,0
ID_ZISJXM,0,0
ID_SIBKRW,0,0
ID_57ZWCB,0,0
ID_KJ68UL,0,0
ID_C0RU6C,0,0
ID_19UY4H,0,0
ID_X9ETIQ,0,0
ID_7G4Z2M,0,0
ID_AOWLCP,0,0
ID_E3YQPT,0,0
ID_U1OI64,0,0
ID_PEWX9Q,0,0
ID_91M2S9,0,0
ID_9O3O18,0,0
ID_5L2YTS,0,0
ID_Y5IJSW,0,0
ID_TTJGY6,0,0
ID_D05W2H,0,0
ID_4317YH,0,0
ID_CFYJI3,0,0
ID_I7921B,0,0
ID_GX7WAI,0,0
ID_CF8462,0,0
ID_5WDV02,0,0
ID_U6F4TH,0,0
ID_LQF8SE,0,0
ID_NCGR5D,0,0
ID_DO4RJM,0,0
ID_DGRQY3,0,0
ID_KPGR3M,0,0
ID_IDND9C,0,0
ID_PWZIU6,0,0
ID_X0HCKB,0,0
ID_C61XDM,0,0
ID_LL3O2Y,0,0
ID_8PC0L1,0,0
ID_FGHUOA,0,0
ID_PVUVUW,0,0
ID_I03ALT,0,0
ID_B5MRTS,0,0
ID_9X51YV,0,0
ID_GYJ75Y,0,0
ID_SFEWF5,0,0
ID_K5AR0J,0,0
ID_7JTUWC,0,0
ID_54HC9B,0,0
ID_AX75CL,0,0
ID_FF1AKP,0,0
ID_TN725D,0,0
ID_APHH9F,0,0
ID_PL7HU8,0,0
ID_G7K6ZJ,0,0
ID_IY29RM,0,0
ID_UYZBKO,0,0
ID_PMINQT,0,0
ID_33OGS4,0,0
ID_JC4LVT,0,0
ID_ENVKAP,0,0
ID_T3XWXE,0,0
ID_6SREW3,0,0
ID_ZRX4IQ,0,0
ID_C5GU2T,0,0
ID_129O6K,0,0
ID_ECWJBW,0,0
ID_67LMI6,0,0
ID_WTTU7C,0,0
ID_E6RPUX,0,0
ID_SWQ6KW,0,0
ID_5WJ26Y,0,0
ID_2STL1C,0,0
ID_FIZ7DI,0,0
ID_925278,0,0
ID_YZA9TI,0,0
ID_FKRBWC,0,0
ID_N5AJJV,0,0
ID_LU4JAI,0,0
ID_U9SGO3,0,0
ID_L6JOEV,0,0
ID_0L6C9U,0,0
ID_M2DQ3T,0,0
ID_WDE5DB,0,0
ID_WN550D,0,0
ID_VKZR1E,0,0
ID_ID0639,0,0
ID_2N3V6Z,0,0
ID_9K7PY2,0,0
ID_GK9QSD,0,0
ID_CU8S0V,0,0
ID_L2J3PL,0,0
ID_X79QED,0,0
ID_VGGV1O,0,0
ID_V4SF6U,0,0
ID_N8P5J3,0,0
ID_HCGIAQ,0,0
ID_2JG9IB,0,0
ID_P86ZMP,0,0
ID_IYN7S9,0,0
ID_GUJYU8,0,0
ID_OVQ1U1,0,0
ID_MZ7Y43,0,0
ID_D9D1MT,0,0
ID_PJHYYH,0,0
ID_IZXFLP,0,0
ID_6HH7SE,0,0
ID_QFZEUS,0,0
ID_R1KMYX,0,0
ID_1C8ILF,0,0
ID_XWN3IU,0,0
ID_QRMG5I,0,0
ID_L1LVA2,0,0
ID_4PWZB1,0,0
ID_IEEGJQ,0,0
ID_YTQLLJ,0,0
ID_RSEGDL,0,0
ID_L3FICE,0,0
ID_A0KPNI,0,0
ID_631R8Z,0,0
ID_5BCWF2,0,0
ID_EEIX53,0,0
ID_GGKMBJ,0,0
ID_EX5ZXV,0,0
ID_I80561,0,0
ID_TC06P1,0,0
ID_1DG6KX,0,0
ID_A5Y4JY,0,0
ID_NQZCHJ,0,0
ID_PW7JNM,0,0
ID_CCEC1I,0,0
ID_NAJQ0W,0,0
ID_I7QYBM,0,0
ID_NKX19T,0,0
ID_5O7QH1,0,0
ID_50RL4X,0,0
ID_323SBA,0,0
ID_O5UD1Q,0,0
ID_JU77YO,0,0
ID_0VRWIB,0,0
ID_P9Z651,0,0
ID_9M38II,0,0
ID_9SV334,0,0
ID_A68KJO,0,0
ID_JGB37T,0,0
ID_9430TC,0,0
ID_KA8CIV,0,0
ID_HHF6VW,0,0
ID_0VW3DS,0,0
ID_8YKMIB,0,0
ID_JIBFDL,0,0
ID_R7Y401,0,0
ID_7HLD6G,0,0
ID_EHD9IY,0,0
ID_8SKDFJ,0,0
ID_HQEEG1,0,0
ID_QJDCEZ,0,0
ID_G7UMMX,0,0
ID_J62S7I,0,0
ID_F9U4WL,0,0
ID_X5P7KK,0,0
ID_6AJR6D,0,0
ID_DLM2AC,0,0
ID_59FQCC,0,0
ID_VM7M4F,0,0
ID_2VNZWT,0,0
ID_64LL61,0,0
ID_0VSK3P,0,0
ID_ZHCXQV,0,0
ID_M8BYIT,0,0
ID_FUDDYL,0,0
ID_YL70ZD,0,0
ID_EC27MR,0,0
ID_2I4UT6,0,0
ID_WM2RKY,0,0
ID_PW1Q1P,0,0
ID_L09I9W,0,0
ID_5HW7GU,0,0
ID_PENLSO,0,0
ID_N0B604,0,0
ID_OIN5KH,0,0
ID_UXE8CP,0,0
ID_8KOBSU,0,0
ID_7GHTRL,0,0
ID_ZY4DKM,0,0
ID_91MLSR,0,0
ID_DNWAJ1,0,0
ID_66KWQF,0,0
ID_8BIX03,0,0
ID_O0FCGY,0,0
ID_1WVP60,0,0
ID_CLSCSX,0,0
ID_6TA10A,0,0
ID_UMU12K,0,0
ID_G2E7IV,0,0
ID_8K4O1D,0,0
ID_YOJQOL,0,0
ID_H7XM5N,0,0
ID_G772ET,0,0
ID_CCYB93,0,0
ID_48PGKD,0,0
ID_Q39X1P,0,0
ID_VSYL4U,0,0
ID_MPPH6W,0,0
ID_FGJHOB,0,0
ID_UI8AIQ,0,0
ID_WZ14R1,0,0
ID_PQ16N4,0,0
ID_1OVYOB,0,0
ID_EVB2FR,0,0
ID_VG4QH1,0,0
ID_XH3SIL,0,0
ID_BLJI0X,0,0
ID_3EWP9A,0,0
ID_YZJW1U,0,0
ID_6U5PVL,0,0
ID_BN9AIY,0,0
ID_I6L534,0,0
ID_KO7MIZ,0,0
ID_9WGZGN,0,0
ID_UILWVY,0,0
ID_AM9505,0,0
ID_JN0WNJ,0,0
ID_ISJBP0,0,0
ID_XG1KUP,0,0
ID_5BK25Q,0,0
ID_HEOC9E,0,0
ID_HCBK9B,0,0
ID_335AAV,0,0
ID_7VDUKT,0,0
ID_OZXY8R,0,0
ID_Y2QPDI,0,0
ID_0EIVNR,0,0
ID_OBN6UF,0,0
ID_DHJRAG,0,0
ID_O01JQ1,0,0
ID_WB6PS2,0,0
ID_LGPY8T,0,0
ID_GSNHG7,0,0
ID_A3KFHZ,0,0
ID_MLPIUY,0,0
ID_1EWBZK,0,0
ID_2APX6Y,0,0
ID_EQTUJV,0,0
ID_WGE865,0,0
ID_8UCQHL,0,0
ID_27PL48,0,0
ID_V0TY52,0,0
ID_JG71HT,0,0
ID_ZWYE74,0,0
ID_RE5ZDD,0,0
ID_XK25YF,0,0
ID_P6ZD9Y,0,0
ID_FK28B9,0,0
ID_K9YJHE,0,0
ID_SEPMXO,0,0
ID_Z1LUXF,0,0
ID_YMCOTV,0,0
ID_13I5C8,0,0
ID_YLNTOZ,0,0
ID_G2UAWG,0,0
ID_SRPV6K,0,0
ID_FN8SBX,0,0
ID_FPIZ3S,0,0
ID_I1UWXV,0,0
ID_C83ZHL,0,0
ID_TCQTQ5,0,0
ID_PD0L1N,0,0
ID_7NW0NK,0,0
ID_5SOEW0,0,0
ID_APS5N0,0,0
ID_R6BTSP,0,0
ID_SRVR0E,0,0
ID_NL5PVZ,0,0
ID_YLYB9P,0,0
ID_2V65W4,0,0
ID_K0ZG55,0,0
ID_RMJWR3,0,0
ID_58TQKM,0,0
ID_N57FTL,0,0
ID_SDL1BY,0,0
ID_4XRWLD,0,0
ID_995U3K,0,0
ID_WM7LRB,0,0
ID_UHDFGL,0,0
ID_EB48YK,0,0
ID_FSE6I6,0,0
ID_TOIP1Y,0,0
ID_N2GEHG,0,0
ID_3RKNXL,0,0
ID_E9B9CP,0,0
ID_31OZAA,0,0
ID_OODRFS,0,0
ID_1P3PAF,0,0
ID_55Y8AM,0,0
ID_CL2Z8D,0,0
ID_E51PMR,0,0
ID_71SSIV,0,0
ID_DYPBBZ,0,0
ID_Q71EVG,0,0
ID_9KSGMU,0,0
ID_23FZL4,0,0
ID_SU0NUL,0,0
ID_FLN24U,0,0
ID_7FPJUX,0,0
ID_4MV09E,0,0
ID_CKNL4C,0,0
ID_4ULNGX,0,0
ID_8PM6H2,0,0
ID_VDYLUH,0,0
ID_7OEQYZ,0,0
ID_D74B92,0,0
ID_WF1Q1F,0,0
ID_W1U5NR,0,0
ID_6OS0W2,0,0
ID_O1MG05,0,0
ID_PB5KI7,0,0
ID_A4DAAF,0,0
ID_K2VQKV,0,0
ID_WZ6KF1,0,0
ID_WRQDKM,0,0
ID_K716DJ,0,0
ID_2PLULJ,0,0
ID_PR8HPJ,0,0
ID_05J7U0,0,0
ID_XITZE0,0,0
ID_G7DRXL,0,0
ID_J4UX3B,0,0
ID_2B685F,0,0
ID_GV90L0,0,0
ID_XJEW0D,0,0
ID_EBWKQV,0,0
ID_4WY9SO,0,0
ID_C5ZHI2,0,0
ID_89A9RR,0,0
ID_SVZENE,0,0
ID_QQ6H2J,0,0
ID_T0E641,0,0
ID_NDL3MC,0,0
ID_0C8IFB,0,0
ID_VQRX0U,0,0
ID_PFGBYB,0,0
ID_NI7LWF,0,0
ID_CE7QVE,0,0
ID_Z9VVFK,0,0
ID_YCWAP0,0,0
ID_7MYB6T,0,0
ID_QOFVPW,0,0
ID_BPW3NF,0,0
ID_4CUCO0,0,0
ID_FB21QY,0,0
ID_52IPF1,0,0
ID_J9B5VD,0,0
ID_T4Y3L3,0,0
ID_1K6ZFW,0,0
ID_KW9B0V,0,0
ID_0WD0H5,0,0
ID_9YC080,0,0
ID_6MDZQ8,0,0
ID_U8QV8P,0,0
ID_G0X7I0,0,0
ID_1JNAAR,0,0
ID_1O8LC5,0,0
ID_KRPJXO,0,0
ID_PA353Y,0,0
ID_75QV85,0,0
ID_6C3QR6,0,0
ID_L2XMXQ,0,0
ID_VCR2RW,0,0
ID_N2I0T1,0,0
ID_QHLP5J,0,0
ID_8GQ4K0,0,0
ID_Z5YVGB,0,0
ID_8YZHS8,0,0
ID_E5KGB5,0,0
ID_7U3BNM,0,0
ID_6XYHKV,0,0
ID_W8BGYK,0,0
ID_JN8PRS,0,0
ID_GG2BF9,0,0
ID_3RY5UP,0,0
ID_4XXX2K,0,0
ID_GBSQSV,0,0
ID_76215H,0,0
ID_6U82E4,0,0
ID_QCJMO9,0,0
ID_NMQ17H,0,0
ID_89NTJF,0,0
ID_L4N9PO,0,0
ID_HBL69P,0,0
ID_J4U3O5,0,0
ID_LRLQL7,0,0
ID_66YPI9,0,0
ID_9WQD3T,0,0
ID_SMF9OG,0,0
ID_FPAO3X,0,0
ID_GT5Q7G,0,0
ID_7HT0BL,0,0
ID_LBVLTE,0,0
ID_CF9QIL,0,0
ID_LA6M9Q,0,0
ID_Q3UM2R,0,0
ID_1B500U,0,0
ID_OM4DZK,0,0
ID_T6SIAI,0,0
ID_KSIM2M,0,0
ID_OI0YBK,0,0
ID_HLSHGC,0,0
ID_53Q8Z6,0,0
ID_XQ6P6D,0,0
ID_U0A20E,0,0
ID_7CP1X6,0,0
ID_RKW538,0,0
ID_P9PJ2C,0,0
ID_O2VHRF,0,0
ID_VH54BO,0,0
ID_00L72I,0,0
ID_Y7UV1P,0,0
ID_1YI2G7,0,0
ID_Y29VHV,0,0
ID_DA71EQ,0,0
ID_9DHHIV,0,0
ID_0MG0WO,0,0
ID_3L5JL9,0,0
ID_JO7JFC,0,0
ID_I789CV,0,0
ID_05WWRX,0,0
ID_NIJ1IO,0,0
ID_G7JZJO,0,0
ID_2OQZB3,0,0
ID_LX8393,0,0
ID_AZG8YU,0,0
ID_FDFFCY,0,0
ID_UXOJQT,0,0
ID_W1YVSD,0,0
ID_FW5TZI,0,0
ID_MD3X4I,0,0
ID_KC14AM,0,0
ID_TT77ZL,0,0
ID_XPMR0H,0,0
ID_DPYBAY,0,0
ID_XZE11F,0,0
ID_AUTEM0,0,0
ID_S9XKXP,0,0
ID_BH0CLX,0,0
ID_Q3N07V,0,0
ID_RSB8XK,0,0
ID_6EXN41,0,0
ID_IZKQ24,0,0
ID_5Z5E0G,0,0
ID_OXITP1,0,0
ID_H7K8FA,0,0
ID_8T4LPS,0,0
ID_L925ZL,0,0
ID_BHX4T2,0,0
ID_027ZYG,0,0
ID_XT2ELI,0,0
ID_WERN0D,0,0
ID_N9GLT3,0,0
ID_I7523Y,0,0
ID_Y7MO2S,0,0
ID_5TBDIC,0,0
ID_VC0N65,0,0
ID_ODTP9Y,0,0
ID_V9LTLS,0,0
ID_7JBR2T,0,0
ID_PL2RAS,0,0
ID_1TUCBX,0,0
ID_BRIRGU,0,0
ID_1GN1I9,0,0
ID_T2SWL3,0,0
ID_TDDFDD,0,0
ID_2H4VQJ,0,0
ID_FMW1YU,0,0
ID_SYKXU2,0,0
ID_V73K34,0,0
ID_7UV2SO,0,0
ID_HYZG4X,0,0
ID_SBD21S,0,0
ID_QPTK2V,0,0
ID_56SY2N,0,0
ID_I8BREH,0,0
ID_JGM5CQ,0,0
ID_AWJG7E,0,0
ID_PO2VOU,0,0
ID_9VGN24,0,0
ID_A0OW1O,0,0
ID_M5O1N3,0,0
ID_YZBH7Z,0,0
ID_1PSR5G,0,0
ID_ZK0KUL,0,0
ID_7EYWU0,0,0
ID_SPF21C,0,0
ID_JDGF7T,0,0
ID_AU9E0T,0,0
ID_MJ5GJI,0,0
ID_6YWTC2,0,0
ID_0QDFOB,0,0
ID_CM4KS5,0,0
ID_NOWIA3,0,0
ID_40SPCR,0,0
ID_Y3C4FH,0,0
ID_1ZARLS,0,0
ID_GG2VSK,0,0
ID_OIKU9P,0,0
ID_NS27NN,0,0
ID_SLYM8W,0,0
ID_MW20Q7,0,0
ID_4DGEG0,0,0
ID_Q5VR2Z,0,0
ID_YFAE6H,0,0
ID_TH2P46,0,0
ID_ETKKUU,0,0
ID_B3URQW,0,0
ID_KAF3Y1,0,0
ID_E5TI28,0,0
ID_VY06N2,0,0
ID_VXPEOX,0,0
ID_UAOS1A,0,0
ID_B8X9IY,0,0
ID_RTB3HK,0,0
ID_OEAO2N,0,0
ID_D26G14,0,0
ID_Q11HCQ,0,0
ID_MGYK0T,0,0
ID_OHGIEP,0,0
ID_B5PWN7,0,0
ID_ZRCUCF,0,0
ID_R0YN88,0,0
ID_0R0XMU,0,0
ID_Y2D86F,0,0
ID_J973HZ,0,0
ID_TT6G9M,0,0
ID_F2319I,0,0
ID_CQA1CZ,0,0
ID_NQN74Z,0,0
ID_A1KNXW,0,0
ID_ECHDWS,0,0
ID_H72BYA,0,0
ID_O03TS4,0,0
ID_HBX6Z5,0,0
ID_U6G4ZD,0,0
ID_CE88G5,0,0
ID_A6TUAE,0,0
ID_0QS9NU,0,0
ID_9BQHLK,0,0
ID_R6V034,0,0
ID_BPD1Z6,0,0
ID_WQBZSD,0,0
ID_ANRH8O,0,0
ID_I6ASGO,0,0
ID_31ZJS9,0,0
ID_5X0AZ4,0,0
ID_9I8GR2,0,0
ID_NZR8GC,0,0
ID_OL5ON2,0,0
ID_KCEH07,0,0
ID_ZD2H99,0,0
ID_DNE91Q,0,0
ID_ISD44B,0,0
ID_LU8Q18,0,0
ID_5X5KSU,0,0
ID_VGH1D6,0,0
ID_FKAAC2,0,0
ID_71P7K5,0,0
ID_EGQ7IT,0,0
ID_LBA4GV,0,0
ID_9VIRIN,0,0
ID_JO919N,0,0
ID_I1JW4Y,0,0
ID_840GGB,0,0
ID_FFPGVI,0,0
ID_R89V19,0,0
ID_6D7QS7,0,0
ID_U0BHN0,0,0
ID_58CD83,0,0
ID_VJ7QTG,0,0
ID_H281M8,0,0
ID_3CVL6E,0,0
ID_3IRIZ3,0,0
ID_LKSQXX,0,0
ID_BJZ29F,0,0
ID_ND00H3,0,0
ID_7J80JT,0,0
ID_LX4H41,0,0
ID_PIIYN1,0,0
ID_Z3MPZT,0,0
ID_XGZOZM,0,0
ID_GV9MR5,0,0
ID_VT4XDL,0,0
ID_DPUCKG,0,0
ID_O7FSS7,0,0
ID_Y928SM,0,0
ID_YSIH0D,0,0
ID_DEN5SP,0,0
ID_SG9WHI,0,0
ID_6PG7BR,0,0
ID_8WK8CY,0,0
ID_2IAT0J,0,0
ID_N5MOZH,0,0
ID_TQ0FLM,0,0
ID_6Y9VEK,0,0
ID_ZOTV81,0,0
ID_7TCU4R,0,0
ID_QSFTW9,0,0
ID_DT8O7P,0,0
ID_7Z47HS,0,0
ID_L8KWRQ,0,0
ID_8H64JP,0,0
ID_5UGHN5,0,0
ID_S4NL22,0,0
ID_WT67G8,0,0
ID_WZRY2Q,0,0
ID_1GWOO5,0,0
ID_WXEAVB,0,0
ID_LU1AHK,0,0
ID_P1KOFX,0,0
ID_5AJM04,0,0
ID_N27H1T,0,0
ID_FI50FS,0,0
ID_84XZID,0,0
ID_D8GXX1,0,0
ID_NXF88I,0,0
ID_TOMG6X,0,0
ID_SKGBMK,0,0
ID_76E3A5,0,0
ID_0IWP8J,0,0
ID_P4J9HY,0,0
ID_YESMM6,0,0
ID_QG3POK,0,0
ID_WD5672,0,0
ID_N6MYQS,0,0
ID_9XTCEJ,0,0
ID_CJKG6S,0,0
ID_TP5ZNO,0,0
ID_FRRSLY,0,0
ID_M3ZOY8,0,0
ID_JGYMRF,0,0
ID_0X0SGM,0,0
ID_69QFEV,0,0
ID_VJRGTM,0,0
ID_2KJ34L,0,0
ID_ZQYVK9,0,0
ID_VZMB2N,0,0
ID_QRM0FR,0,0
ID_81LUDF,0,0
ID_YSG0R4,0,0
ID_6FOA2Z,0,0
ID_S8O7VT,0,0
ID_HJE72K,0,0
ID_TWSZPJ,0,0
ID_ZO3H3Y,0,0
ID_UB9P2W,0,0
ID_ZKBEWX,0,0
ID_86JYSU,0,0
ID_PRTML4,0,0
ID_P1J9SD,0,0
ID_GXJ8HW,0,0
ID_A1TEJA,0,0
ID_9VXVBO,0,0
ID_EHHI61,0,0
ID_YLF4XK,0,0
ID_FA62WS,0,0
ID_G8TR2E,0,0
ID_LTL8SZ,0,0
ID_8ERV91,0,0
ID_TKNRFJ,0,0
ID_JISL3O,0,0
ID_RRXZWK,0,0
ID_J2DFUA,0,0
ID_4JOZM2,0,0
ID_KW13FT,0,0
ID_ABBMHI,0,0
ID_1B8P79,0,0
ID_K766GI,0,0
ID_DS9O39,0,0
ID_97ERSW,0,0
ID_D5LEDY,0,0
ID_35DK5M,0,0
ID_D9IVWG,0,0
ID_ZXM0PX,0,0
ID_NG3WFT,0,0
ID_EFAYMK,0,0
ID_RO4TX4,0,0
ID_N9M4S1,0,0
ID_6EKV4Z,0,0
ID_MYJGV8,0,0
ID_Y4CSV6,0,0
ID_Y3KIJF,0,0
ID_JEZVLV,0,0
ID_UF3EHN,0,0
ID_MOE6NY,0,0
ID_VBTILN,0,0
ID_MJFU25,0,0
ID_LE752J,0,0
ID_987M45,0,0
ID_B8F9K4,0,0
ID_CBN8QI,0,0
ID_279IB8,0,0
ID_4YVVST,0,0
ID_RFRIML,0,0
ID_U2ZEZY,0,0
ID_CFA3TK,0,0
ID_JJMD3L,0,0
ID_12BEIY,0,0
ID_G33JJ1,0,0
ID_W4OT5H,0,0
ID_MZZZU1,0,0
ID_E32717,0,0
ID_H7VB1R,0,0
ID_2AW6S2,0,0
ID_2ADH42,0,0
ID_XL6N40,0,0
ID_RVOWVB,0,0
ID_ELWA2M,0,0
ID_P6P2LL,0,0
ID_VM4QON,0,0
ID_FR4VY6,0,0
ID_3RQGVD,0,0
ID_77N19L,0,0
ID_69NTYP,0,0
ID_OQEYOS,0,0
ID_1D06LU,0,0
ID_1C85PE,0,0
ID_2W8OBY,0,0
ID_H37AAV,0,0
ID_UTWWY6,0,0
ID_3L6TW1,0,0
ID_1V2YRT,0,0
ID_SOZ0YI,0,0
ID_BVIO6J,0,0
ID_OU246N,0,0
ID_6X70MB,0,0
ID_DSDCCK,0,0
ID_J2BZ6R,0,0
ID_GG55RU,0,0
ID_57MG3U,0,0
ID_70V1VB,0,0
ID_6NBGCK,0,0
ID_CZ7127,0,0
ID_K85TJC,0,0
ID_MGFUX7,0,0
ID_ZG4T8E,0,0
ID_JD19UI,0,0
ID_VQTAO4,0,0
ID_78TLP4,0,0
ID_UDK1T4,0,0
ID_RZB1MO,0,0
ID_LWD88Z,0,0
ID_TDG5BH,0,0
ID_ZLTT4J,0,0
ID_IR3GIJ,0,0
ID_K3UBZE,0,0
ID_QSMMVY,0,0
ID_XR0AWU,0,0
ID_17PT7O,0,0
ID_Q2X9Q3,0,0
ID_JRGC1B,0,0
ID_5FEC4W,0,0
ID_JDXOP8,0,0
ID_ZFME1K,0,0
ID_LRUD92,0,0
ID_EPB8CY,0,0
ID_X6FGOE,0,0
ID_36MMWI,0,0
ID_PO8ZD8,0,0
ID_2QDOCM,0,0
ID_HIO9PL,0,0
ID_D0RVD7,0,0
ID_LQX5RT,0,0
ID_1960OF,0,0
ID_IN2TS2,0,0
ID_EMHGJZ,0,0
ID_IT545P,0,0
ID_ON1GP0,0,0
ID_QA2IEI,0,0
ID_9L53UR,0,0
ID_T08LJS,0,0
ID_D3WCC4,0,0
ID_O01M22,0,0
ID_I2MWNF,0,0
ID_4RF63B,0,0
ID_YFL1P2,0,0
ID_HNU23H,0,0
ID_MGG4Z7,0,0
ID_QKB00Z,0,0
ID_H636I4,0,0
ID_V73QHE,0,0
ID_JKXTNQ,0,0
ID_GPZXRD,0,0
ID_29UAY2,0,0
ID_0TGSDN,0,0
ID_LQAF6I,0,0
ID_JVC1R2,0,0
ID_8SFH3O,0,0
ID_77JR3E,0,0
ID_PLYY9W,0,0
ID_UIJUUM,0,0
ID_B4IIKY,0,0
ID_LUFJ20,0,0
ID_ZA97VR,0,0
ID_FRP5YQ,0,0
ID_7Q37LS,0,0
ID_YIS8MK,0,0
ID_1YSM0O,0,0
ID_2Z1AWV,0,0
ID_HEGNP4,0,0
ID_TZTRGP,0,0
ID_7ODTIL,0,0
ID_T4P5PN,0,0
ID_FSNUHM,0,0
ID_45C8Q5,0,0
ID_FJRFVB,0,0
ID_3W0N14,0,0
ID_UD09SG,0,0
ID_QERBEN,0,0
ID_7DB4NM,0,0
ID_HMQ6N6,0,0
ID_5NQSXN,0,0
ID_2BQARY,0,0
ID_417U50,0,0
ID_UCSZ8D,0,0
ID_SV1OOB,0,0
ID_9EID64,0,0
ID_5UX1D1,0,0
ID_QTD7CU,0,0
ID_UCWZQ9,0,0
ID_4NE2KM,0,0
ID_HROIJC,0,0
ID_7PFAG4,0,0
ID_MYEDON,0,0
ID_US5UG2,0,0
ID_GS2BBT,0,0
ID_TBC5IP,0,0
ID_MA2GVG,0,0
ID_5QT2ZZ,0,0
ID_93FPPC,0,0
ID_WSPB4E,0,0
ID_RSIC7B,0,0
ID_J6M847,0,0
ID_AQSCEZ,0,0
ID_D852LA,0,0
ID_5M42E0,0,0
ID_5ZSHX0,0,0
ID_AFAISC,0,0
ID_PQQ8NO,0,0
ID_J006UG,0,0
ID_701R9A,0,0
ID_NCCEHS,0,0
ID_3JASEM,0,0
ID_ENHPR1,0,0
ID_L1SEAT,0,0
ID_VWV3J5,0,0
ID_56P5Q4,0,0
ID_0B3OTS,0,0
ID_LYPXWV,0,0
ID_LFRL00,0,0
ID_E3EQEH,0,0
ID_OI7NJ4,0,0
ID_137TLS,0,0
ID_2N41A6,0,0
ID_BRHAWH,0,0
ID_PQKTRC,0,0
ID_ZN0Q9F,0,0
ID_87KCHC,0,0
ID_AB56VS,0,0
ID_YGB92Z,0,0
ID_KJRM7G,0,0
ID_Z45EFJ,0,0
ID_0CMCMA,0,0
ID_J5U5N6,0,0
ID_CVN583,0,0
ID_ZBBVMC,0,0
ID_C61RSY,0,0
ID_6KVRNQ,0,0
ID_VLMJO0,0,0
ID_EWO2PZ,0,0
ID_J55CLB,0,0
ID_1OP256,0,0
ID_SFIFKF,0,0
ID_1STJYD,0,0
ID_QHLDXM,0,0
ID_Z28MZT,0,0
ID_0GKUVZ,0,0
ID_B7BRIY,0,0
ID_LWIN16,0,0
ID_BK59QG,0,0
ID_VTRP4Y,0,0
ID_9Y4TT5,0,0
ID_UO667J,0,0
ID_937D4V,0,0
ID_HH1TN0,0,0
ID_N3BB5V,0,0
ID_JQ30SV,0,0
ID_XH4EJG,0,0
ID_2N6J12,0,0
ID_SQA3MU,0,0
ID_PJK88E,0,0
ID_S5RUEY,0,0
ID_ZKDKO2,0,0
ID_O2N2X8,0,0
ID_WD5CAR,0,0
ID_3B2NPT,0,0
ID_RXJ1XL,0,0
ID_U579VD,0,0
ID_CGNP4O,0,0
ID_565R1Y,0,0
ID_Z82HQZ,0,0
ID_ORLAGL,0,0
ID_FVUHHE,0,0
ID_EUG77B,0,0
ID_NM3YWB,0,0
ID_CGPO40,0,0
ID_L37LDP,0,0
ID_U9Z39A,0,0
ID_GVKOD6,0,0
ID_Z2P0DH,0,0
ID_MLOE39,0,0
ID_X5MUTG,0,0
ID_5ATWDV,0,0
ID_PMJCZJ,0,0
ID_ZO9AQU,0,0
ID_45GS7L,0,0
ID_NEPDCH,0,0
ID_SR62OT,0,0
ID_3CO264,0,0
ID_0DJFID,0,0
ID_9UY1ZG,0,0
ID_TBUQIF,0,0
ID_Q95WWX,0,0
ID_X9YM3F,0,0
ID_RIRO6H,0,0
ID_Q5AF59,0,0
ID_E2QLWL,0,0
ID_RA0ARC,0,0
ID_HAXAGE,0,0
ID_LPZ157,0,0
ID_LK57RD,0,0
ID_3KDQBA,0,0
ID_M8JG5W,0,0
ID_9W4C5H,0,0
ID_W3U86L,0,0
ID_KX9WJ8,0,0
ID_BFXTSN,0,0
ID_VV5DBM,0,0
ID_OWUOTA,0,0
ID_392DYC,0,0
ID_Z2YE62,0,0
ID_SS5IMQ,0,0
ID_J22O0B,0,0
ID_OTFXSN,0,0
ID_C1J68L,0,0
ID_N2Z6AB,0,0
ID_9S5X1O,0,0
ID_OHW756,0,0
ID_OQYXCO,0,0
ID_A5J1G5,0,0
ID_IZL17V,0,0
ID_WJVMY8,0,0
ID_OS34BN,0,0
ID_TW5L4U,0,0
ID_9Q5CTN,0,0
ID_PJPJDV,0,0
ID_T90VCA,0,0
ID_MVHCJT,0,0
ID_T5MHRF,0,0
ID_2ZATIB,0,0
ID_30QS5E,0,0
ID_TZHJ2I,0,0
ID_89EJUB,0,0
ID_N9CKZ8,0,0
ID_HIJXYV,0,0
ID_M7HAC4,0,0
ID_RWPZZ5,0,0
ID_V37FAE,0,0
ID_09MOXE,0,0
ID_JELVV3,0,0
ID_M02BYO,0,0
ID_IG9Q31,0,0
ID_A2AWLK,0,0
ID_BFL2CU,0,0
ID_KUF0YK,0,0
ID_I3755A,0,0
ID_ZEX8MR,0,0
ID_Y1WI5W,0,0
ID_MX0WCP,0,0
ID_XCYR4B,0,0
ID_JT44UE,0,0
ID_S0A9RL,0,0
ID_G6MM8U,0,0
ID_2QBCC6,0,0
ID_Z3YSUM,0,0
ID_42LN5R,0,0
ID_JY5KSN,0,0
ID_74P0L4,0,0
ID_6NVX41,0,0
ID_GLT2KM,0,0
ID_JW6CEH,0,0
ID_3V7Q9A,0,0
ID_WM2PH3,0,0
ID_UQWI9N,0,0
ID_E1MQJZ,0,0
ID_6EQWLW,0,0
ID_XKKN50,0,0
ID_Y7GU93,0,0
ID_82EVTQ,0,0
ID_0GWJXM,0,0
ID_Q74RW5,0,0
ID_VIQ5KX,0,0
ID_559G2K,0,0
ID_DTDQPM,0,0
ID_78J3AN,0,0
ID_8WGD87,0,0
ID_PCL4ZV,0,0
ID_FKZXJS,0,0
ID_ITRGO8,0,0
ID_4XSAFX,0,0
ID_F48ZXN,0,0
ID_2O4WPP,0,0
ID_0PP3LL,0,0
ID_OK2YEF,0,0
ID_5X1ASC,0,0
ID_BI98V5,0,0
ID_5Y19KB,0,0
ID_DZUTDY,0,0
ID_EMTPWG,0,0
ID_WSJZTA,0,0
ID_AFOTEG,0,0
ID_26U0A5,0,0
ID_8YKALQ,0,0
ID_SO9686,0,0
ID_ADXVLC,0,0
ID_P7RO90,0,0
ID_56P3U5,0,0
ID_5UN5YW,0,0
ID_ZIQZL1,0,0
ID_KPRTC5,0,0
ID_LZJRR0,0,0
ID_ZGUC9J,0,0
ID_X2T5BF,0,0
ID_CKKTKW,0,0
ID_PE81MC,0,0
ID_FAYCJO,0,0
ID_PZMSY8,0,0
ID_SDGNKE,0,0
ID_PO6HZH,0,0
ID_EUM4HC,0,0
ID_APTEK2,0,0
ID_GWXZMM,0,0
ID_667J2Q,0,0
ID_T7SX72,0,0
ID_GYMC75,0,0
ID_DNH93L,0,0
ID_EZAQ27,0,0
ID_NE8NZE,0,0
ID_NULVYQ,0,0
ID_MERK45,0,0
ID_NK4DPO,0,0
ID_2ZQX9L,0,0
ID_M1GBKP,0,0
ID_P1ZNE2,0,0
ID_56Z5WL,0,0
ID_08A5X2,0,0
ID_NO4ZDR,0,0
ID_R8HRS3,0,0
ID_5HQ97X,0,0
ID_UZ6BXB,0,0
ID_LAM3UA,0,0
ID_AJ5LSI,0,0
ID_4617TS,0,0
ID_LDHZ58,0,0
ID_4UJ9ZD,0,0
ID_EZ7TCI,0,0
ID_M4TX2H,0,0
ID_QEYE87,0,0
ID_AAWTNJ,0,0
ID_WPUFQZ,0,0
ID_YA3ILD,0,0
ID_OHSNMQ,0,0
ID_9E8O3O,0,0
ID_SONBFV,0,0
ID_CBEC72,0,0
ID_DPNWA7,0,0
ID_31T583,0,0
ID_4ISPTO,0,0
ID_PIOQG0,0,0
ID_P4OWNE,0,0
ID_4RMSTO,0,0
ID_HAMY0R,0,0
ID_703G14,0,0
ID_40VE26,0,0
ID_HK9LRK,0,0
ID_VCIHIC,0,0
ID_CI0QYY,0,0
ID_BM9KWZ,0,0
ID_4S2V7P,0,0
ID_HQ7BAN,0,0
ID_DNQAAJ,0,0
ID_LJOAJD,0,0
ID_ILY6CR,0,0
ID_ENL495,0,0
ID_EU7CUA,0,0
ID_PXMDNL,0,0
ID_D2UA9E,0,0
ID_C4G7ZB,0,0
ID_Z8R5CF,0,0
ID_O462EM,0,0
ID_VQMM9D,0,0
ID_8BWT8B,0,0
ID_PB1SKT,0,0
ID_GJOZIO,0,0
ID_LYL3WI,0,0
ID_AWFRXE,0,0
ID_T4IHFG,0,0
ID_H0VC5G,0,0
ID_J901AH,0,0
ID_TQZ1ON,0,0
ID_2VA0E8,0,0
ID_P0RNYN,0,0
ID_HDYUSL,0,0
ID_YL0EDW,0,0
ID_BPMG6R,0,0
ID_MAPA4A,0,0
ID_GT9OS5,0,0
ID_SYDTJ5,0,0
ID_QWN8WU,0,0
ID_3UZ5DZ,0,0
ID_M7V81Z,0,0
ID_58PPXQ,0,0
ID_CNCDMU,0,0
ID_F04611,0,0
ID_F6QG4I,0,0
ID_VR4FGO,0,0
ID_2DY6OE,0,0
ID_4QNHYT,0,0
ID_B2KBM2,0,0
ID_BTQSKW,0,0
ID_6HZD5V,0,0
ID_NBZZ52,0,0
ID_0LULSU,0,0
ID_ML7NLJ,0,0
ID_NT2CWM,0,0
ID_SU8D5I,0,0
ID_CD8HB5,0,0
ID_U19XWD,0,0
ID_VZ54RZ,0,0
ID_P93J8N,0,0
ID_RCYZHR,0,0
ID_6AR01Y,0,0
ID_66H7D3,0,0
ID_J0Q851,0,0
ID_HQ0I0K,0,0
ID_RI95JT,0,0
ID_F160WC,0,0
ID_E1X8H3,0,0
ID_FZTKUS,0,0
ID_GW6NGV,0,0
ID_2IUSW6,0,0
ID_KE8ZIA,0,0
ID_0TXN8F,0,0
ID_7J8AI0,0,0
ID_AXDVH8,0,0
ID_SSY35E,0,0
ID_NKHMZV,0,0
ID_AXTUH0,0,0
ID_Y7SNRR,0,0
ID_3IBDEX,0,0
ID_GAM9MC,0,0
ID_EHOO1I,0,0
ID_YTJT1O,0,0
ID_W2CKBR,0,0
ID_H82ZVD,0,0
ID_MW0PDQ,0,0
ID_U8LCUK,0,0
ID_835G7K,0,0
ID_0B95IK,0,0
ID_PZGY1E,0,0
ID_J3Z3PG,0,0
ID_VZWHYS,0,0
ID_773OG2,0,0
ID_XTT4CB,0,0
ID_O1PPRJ,0,0
ID_36O66D,0,0
ID_8CCHO9,0,0
ID_VP4ORR,0,0
ID_JVC3PP,0,0
ID_Y9BJ6P,0,0
ID_2P4AOA,0,0
ID_5E6ZWN,0,0
ID_RCSVAU,0,0
ID_RTD6W8,0,0
ID_EWCORN,0,0
ID_4R71CL,0,0
ID_K7COXV,0,0
ID_6IXV9L,0,0
ID_GQ2UBE,0,0
ID_3NGPTN,0,0
ID_T1GZJO,0,0
ID_IV5U1I,0,0
ID_YY0KTO,0,0
ID_5Z5L2Y,0,0
ID_6S9OBN,0,0
ID_H6YR83,0,0
ID_JG2BG8,0,0
ID_NDOACE,0,0
ID_C05JEO,0,0
ID_R55419,0,0
ID_8TIGRF,0,0
ID_CEK6F0,0,0
ID_1VTLST,0,0
ID_55WWY3,0,0
ID_2YELMY,0,0
ID_MZ5VMB,0,0
ID_9WPP5M,0,0
ID_4XAIZZ,0,0
ID_VB8LH5,0,0
ID_SGNJLC,0,0
ID_ATLIIC,0,0
ID_7QAS4C,0,0
ID_RYDVY5,0,0
ID_YMD67I,0,0
ID_ML1RDM,0,0
ID_VP5N7Y,0,0
ID_CFZURQ,0,0
ID_IC8WKE,0,0
ID_JQ32YU,0,0
ID_CSMXN3,0,0
ID_PSELIA,0,0
ID_VI1Z6V,0,0
ID_THDLX9,0,0
ID_ZMRPCJ,0,0
ID_0UIHZ7,0,0
ID_67EUQE,0,0
ID_PE29EZ,0,0
ID_ZNACXO,0,0
ID_8TZ33I,0,0
ID_PSAEO4,0,0
ID_R5WWDV,0,0
ID_HQ9E78,0,0
ID_D5SAT6,0,0
ID_UB7RTE,0,0
ID_LNZFO2,0,0
ID_E06NC8,0,0
ID_SEZGUY,0,0
ID_O69J3K,0,0
ID_THUK6J,0,0
ID_DI5K6Q,0,0
ID_8SEO5L,0,0
ID_6CUHJO,0,0
ID_5JFKM6,0,0
ID_Q3J7FA,0,0
ID_XLJU64,0,0
ID_0MPEDV,0,0
ID_WHEGZX,0,0
ID_ISPMCD,0,0
ID_SV6GC5,0,0
ID_GR50D3,0,0
ID_D1729W,0,0
ID_LCKCIC,0,0
ID_PEX6EG,0,0
ID_WPAK5D,0,0
ID_G5ALLG,0,0
ID_47E1V8,0,0
ID_QFU8NJ,0,0
ID_XCJSWR,0,0
ID_ILKRBA,0,0
ID_8EGF77,0,0
ID_TBR3DO,0,0
ID_M1IBYT,0,0
ID_1G4XB7,0,0
ID_ANJ1YQ,0,0
ID_5CQEO8,0,0
ID_0MOFSL,0,0
ID_12JOS0,0,0
ID_G1RHOO,0,0
ID_QWMOKE,0,0
ID_J581VA,0,0
ID_52OA7D,0,0
ID_AAB4V5,0,0
ID_NIZQWG,0,0
ID_QVVE8M,0,0
ID_GTMLNQ,0,0
ID_KPC18R,0,0
ID_HXDEIY,0,0
ID_C3ZB7M,0,0
ID_QUEMYV,0,0
ID_E4ZGEW,0,0
ID_K94364,0,0
ID_QCCIQF,0,0
ID_0RCT9H,0,0
ID_LU45TT,0,0
ID_MZ7NS7,0,0
ID_FMLBD3,0,0
ID_0ULZAX,0,0
ID_KBEBSX,0,0
ID_IPT7N7,0,0
ID_VGWR0G,0,0
ID_50UPSF,0,0
ID_666TFA,0,0
ID_KZT9BW,0,0
ID_METZED,0,0
ID_FFOIOY,0,0
ID_HLJ5J2,0,0
ID_PNO4MX,0,0
ID_KHCXG0,0,0
ID_5IN7VQ,0,0
ID_XNHUCV,0,0
ID_7ZKVBE,0,0
ID_5C4LZ1,0,0
ID_LC46TY,0,0
ID_M73SUG,0,0
ID_SAOZ6U,0,0
ID_NUABRR,0,0
ID_ZIK2PC,0,0
ID_9S1EQ8,0,0
ID_D9YLU6,0,0
ID_6KFMKW,0,0
ID_U1ZTE2,0,0
ID_E0KBT4,0,0
ID_1NGNLI,0,0
ID_FE5KYH,0,0
ID_V8FS0B,0,0
ID_AOD83L,0,0
ID_HDD9K0,0,0
ID_CEIT3X,0,0
ID_C2MH3D,0,0
ID_VRE4FM,0,0
ID_MC9MBK,0,0
ID_BDPLLE,0,0
ID_LYUOO2,0,0
ID_CTTWA6,0,0
ID_J7KD55,0,0
ID_8BGG5C,0,0
ID_WNYXMU,0,0
ID_9YTDU7,0,0
ID_LA9EFG,0,0
ID_H58ZRI,0,0
ID_94JZZV,0,0
ID_Q45VVC,0,0
ID_15X5WK,0,0
ID_26ZJRY,0,0
ID_YJ3GBT,0,0
ID_8U73HB,0,0
ID_38FBOY,0,0
ID_FXIU5G,0,0
ID_AY14GR,0,0
ID_GVDO7L,0,0
ID_9KY480,0,0
ID_MD8VI2,0,0
ID_XC411Q,0,0
ID_DB7J5S,0,0
ID_J204X8,0,0
ID_9GO0K6,0,0
ID_F94760,0,0
ID_2NRU4G,0,0
ID_V7ZKZA,0,0
ID_VL0819,0,0
ID_QUBZH0,0,0
ID_LS69ID,0,0
ID_39UZW9,0,0
ID_O2FXOD,0,0
ID_NHFL0I,0,0
ID_DFT53W,0,0
ID_TQFD07,0,0
ID_OS3Y9Q,0,0
ID_MRT69P,0,0
ID_SZD1DR,0,0
ID_GYCM7U,0,0
ID_ZMJ52K,0,0
ID_V02QLE,0,0
ID_VSJJXW,0,0
ID_V344AN,0,0
ID_HYBVSX,0,0
ID_QML6VL,0,0
ID_P2NRA2,0,0
ID_R66KC7,0,0
ID_PD3K20,0,0
ID_NTSLML,0,0
ID_SRYX0D,0,0
ID_F9LROV,0,0
ID_0MQMO2,0,0
ID_JPYNMZ,0,0
ID_CPTPPE,0,0
ID_1JFE4D,0,0
ID_GFZJN2,0,0
ID_O5KQ7V,0,0
ID_MJIKI1,0,0
ID_TSV7DP,0,0
ID_XDF1OK,0,0
ID_SV3OI8,0,0
ID_1QEKQS,0,0
ID_3YV7AW,0,0
ID_EWLVSN,0,0
ID_E5V303,0,0
ID_W7B0QI,0,0
ID_9XRJOC,0,0
ID_K5TUOO,0,0
ID_OY7BBZ,0,0
ID_DR6GGX,0,0
ID_0AZN2P,0,0
ID_6N1R65,0,0
ID_NF53ZG,0,0
ID_NTJZTW,0,0
ID_20L46F,0,0
ID_3Z8ZOX,0,0
ID_8P100I,0,0
ID_XCC2C3,0,0
ID_36U0QF,0,0
ID_8CAI6X,0,0
ID_O4LF92,0,0
ID_C1O0B0,0,0
ID_RT4IGM,0,0
ID_0XUF1W,0,0
ID_ZLDHIH,0,0
ID_M21JG0,0,0
ID_BOOCNZ,0,0
ID_1G6C03,0,0
ID_C6MJJL,0,0
ID_4K8VKQ,0,0
ID_0F65PT,0,0
ID_E893T3,0,0
ID_KFNG7L,0,0
ID_NN5ZE0,0,0
ID_Y4SNVV,0,0
ID_Y4BY2F,0,0
ID_GHJCKJ,0,0
ID_W2SSDB,0,0
ID_IRGER9,0,0
ID_QZ94KI,0,0
ID_WHDEMY,0,0
ID_LG4IM1,0,0
ID_D23008,0,0
ID_6ZBLYJ,0,0
ID_2SOYHE,0,0
ID_QNECK5,0,0
ID_OKGL6B,0,0
ID_0I1U4B,0,0
ID_3XZ0WU,0,0
ID_QCIFIH,0,0
ID_V4WNBX,0,0
ID_STI1HD,0,0
ID_307FO3,0,0
ID_61QRFB,0,0
ID_JKRS8I,0,0
ID_8ZQOU0,0,0
ID_WV8I96,0,0
ID_A5BNST,0,0
ID_92V9GE,0,0
ID_YE1BT6,0,0
ID_HTQYMI,0,0
ID_6FBN8L,0,0
ID_U9EA6S,0,0
ID_MCF5K1,0,0
ID_RMSPYE,0,0
ID_9VSF9L,0,0
ID_PTTNLU,0,0
ID_O34UM1,0,0
ID_D3VCCY,0,0
ID_0CUGR4,0,0
ID_M3GY7V,0,0
ID_5ZCYBH,0,0
ID_EK0K5X,0,0
ID_LE8DY8,0,0
ID_KIUXJ1,0,0
ID_BWXSC4,0,0
ID_UKT75R,0,0
ID_JREHQP,0,0
ID_9U95YJ,0,0
ID_A5B8S7,0,0
ID_Y3A0KZ,0,0
ID_0TQSC9,0,0
ID_M6P2AH,0,0
ID_SJZXTI,0,0
ID_9UR1N1,0,0
ID_X3B178,0,0
ID_H6NT44,0,0
ID_DA8BII,0,0
ID_Y1MPIJ,0,0
ID_N76N7Q,0,0
ID_WO7SGH,0,0
ID_PFMMT5,0,0
ID_ZHLRES,0,0
ID_0W8PE1,0,0
ID_ZU1G2F,0,0
ID_L1QS8G,0,0
ID_R0VCE0,0,0
ID_CHTMFW,0,0
ID_BL4XJ8,0,0
ID_BUQAQ6,0,0
ID_FRT4ZR,0,0
ID_Z26034,0,0
ID_9JZ92D,0,0
ID_9VCWKM,0,0
ID_CA283X,0,0
ID_JNWYID,0,0
ID_V6DS3M,0,0
ID_OKOCST,0,0
ID_GEQX53,0,0
ID_BR5994,0,0
ID_1QGQ19,0,0
ID_SFLE9P,0,0
ID_B2SVHT,0,0
ID_CD7GZT,0,0
ID_XEG0O4,0,0
ID_OYDJLF,0,0
ID_XCFV19,0,0
ID_ALCS33,0,0
ID_5BCJFC,0,0
ID_PZJQCV,0,0
ID_6BYM1B,0,0
ID_QOZBRT,0,0
ID_GA1ZS1,0,0
ID_22JPB6,0,0
ID_80H1E8,0,0
ID_B60IHP,0,0
ID_I3WO9C,0,0
ID_S7F963,0,0
ID_Q2EYCC,0,0
ID_RHEGUF,0,0
ID_6QDC2L,0,0
ID_IIQ9SD,0,0
ID_OKOFB3,0,0
ID_YO21RW,0,0
ID_5R9VQI,0,0
ID_5FGKPB,0,0
ID_4DSAF3,0,0
ID_ODG51C,0,0
ID_2O9P21,0,0
ID_IL9GVP,0,0
ID_6PY0BH,0,0
ID_NKSWJP,0,0
ID_PO4UPX,0,0
ID_5H26F1,0,0
ID_PXRCD1,0,0
ID_C2RRUF,0,0
ID_D5O7LX,0,0
ID_6LHRCH,0,0
ID_IZQFW6,0,0
ID_A8PHJ9,0,0
ID_WXEV8N,0,0
ID_6HPHF9,0,0
ID_GUKRPA,0,0
ID_LNIMKN,0,0
ID_JVV09P,0,0
ID_ZGRT1U,0,0
ID_KC5W0I,0,0
ID_DEV3YW,0,0
ID_1QLCJT,0,0
ID_44D1BQ,0,0
ID_VKNV9Z,0,0
ID_EJ0R6K,0,0
ID_PKMXZD,0,0
ID_P1Z1CB,0,0
ID_VB8TVK,0,0
ID_TF420S,0,0
ID_AU6QYK,0,0
ID_SJ08CW,0,0
ID_0A9S4F,0,0
ID_T0W7LW,0,0
ID_ELL8R0,0,0
ID_TG2T09,0,0
ID_9Y1KQ3,0,0
ID_EFCF1B,0,0
ID_1I26MU,0,0
ID_MBMN3B,0,0
ID_CGKM5K,0,0
ID_3AXMUF,0,0
ID_YTK1DY,0,0
ID_NGRYNZ,0,0
ID_QJK78Z,0,0
ID_S99RY7,0,0
ID_3SFK3D,0,0
ID_5P5F37,0,0
ID_UEYCMC,0,0
ID_73JNU6,0,0
ID_UDX0RO,0,0
ID_BTJ3RB,0,0
ID_HC6CHO,0,0
ID_4I9UC5,0,0
ID_KKF1F2,0,0
ID_9TAK0M,0,0
ID_L7B8YG,0,0
ID_KG2AUS,0,0
ID_F5ZV5G,0,0
ID_61F2BG,0,0
ID_QTQFD7,0,0
ID_FK0WM0,0,0
ID_I1E2X8,0,0
ID_5FLYTM,0,0
ID_3NCBSH,0,0
ID_BZWRI2,0,0
ID_GAE57E,0,0
ID_KZVMPS,0,0
ID_68TK75,0,0
ID_GEX0QQ,0,0
ID_DLH3PM,0,0
ID_VB9ED0,0,0
ID_3X6QWY,0,0
ID_AC3CXJ,0,0
ID_1GPYAK,0,0
ID_VORJKV,0,0
ID_JGPFMU,0,0
ID_VO7G5J,0,0
ID_CLL52X,0,0
ID_RGN6LL,0,0
ID_7KYT30,0,0
ID_E5EHJC,0,0
ID_A1QOSI,0,0
ID_IE4S4I,0,0
ID_81AZUL,0,0
ID_WZCX2O,0,0
ID_17J61X,0,0
ID_8OHZWE,0,0
ID_ZHHFKO,0,0
ID_7CDMJV,0,0
ID_VGNSCL,0,0
ID_P0EB5O,0,0
ID_AKITQ5,0,0
ID_RQIJKP,0,0
ID_W92C7N,0,0
ID_N0SMJ3,0,0
ID_1FTD3L,0,0
ID_63E4CN,0,0
ID_CKRD3V,0,0
ID_IN1O3F,0,0
ID_0862BD,0,0
ID_QZVWU9,0,0
ID_QC0BSW,0,0
ID_JF3IKB,0,0
ID_NRW76P,0,0
ID_7IN40K,0,0
ID_33QRBX,0,0
ID_BANIDN,0,0
ID_ARDV7A,0,0
ID_SB9UBT,0,0
ID_1D024B,0,0
ID_4GTPX5,0,0
ID_KJFJ2C,0,0
ID_B2ADEK,0,0
ID_85J95V,0,0
ID_AH8DYC,0,0
ID_CULLUE,0,0
ID_DXNEVI,0,0
ID_AU5NYE,0,0
ID_2RVJZ3,0,0
ID_UTZEMF,0,0
ID_RNO33M,0,0
ID_ATVUA8,0,0
ID_IBXGCO,0,0
ID_22PZHF,0,0
ID_U7B9C2,0,0
ID_F1SO6R,0,0
ID_J1KT0E,0,0
ID_J4KHWH,0,0
ID_8J612T,0,0
ID_DKMWWU,0,0
ID_CD6DYQ,0,0
ID_JCC8B5,0,0
ID_DKBD5F,0,0
ID_I8HQF2,0,0
ID_1WNXMW,0,0
ID_NTXH1N,0,0
ID_4B2W66,0,0
ID_F9Z0SV,0,0
ID_F1IYKF,0,0
ID_GTJJE5,0,0
ID_OCWZ83,0,0
ID_OFC8KM,0,0
ID_VRR5KC,0,0
ID_GDZ43W,0,0
ID_1BSJK3,0,0
ID_DMTIMU,0,0
ID_OUWFGJ,0,0
ID_HYW8FZ,0,0
ID_HZ4S64,0,0
ID_JI5OTF,0,0
ID_YFIV37,0,0
ID_RQ0YOF,0,0
ID_QCJBA1,0,0
ID_DBMODB,0,0
ID_E1N2B8,0,0
ID_8G0LCN,0,0
ID_FCV0KA,0,0
ID_UZSQC8,0,0
ID_JQ4KAO,0,0
ID_2J9CII,0,0
ID_49YQUA,0,0
ID_XVY2P5,0,0
ID_VG9QOB,0,0
ID_J1AE9W,0,0
ID_23N394,0,0
ID_3JGMOY,0,0
ID_4XUAPQ,0,0
ID_PMZUIK,0,0
ID_QKRMYV,0,0
ID_CFUPQ7,0,0
ID_2N5HBX,0,0
ID_D4CDVT,0,0
ID_9P7K2H,0,0
ID_OK9G0U,0,0
ID_EM6WFS,0,0
ID_0QQIJP,0,0
ID_DN1A5V,0,0
ID_UMNAON,0,0
ID_1HEB63,0,0
ID_YMARX3,0,0
ID_J2HNZ8,0,0
ID_Z2Z76B,0,0
ID_0VLGJF,0,0
ID_NMTP3O,0,0
ID_S7LKC0,0,0
ID_JBFU2S,0,0
ID_N3RPHH,0,0
ID_NIBSKT,0,0
ID_EO5GS9,0,0
ID_MDM9ZM,0,0
ID_TGJLN0,0,0
ID_27PCGP,0,0
ID_OVW7PW,0,0
ID_BFBTI8,0,0
ID_IZXW2R,0,0
ID_37JKZI,0,0
ID_COLSAX,0,0
ID_RU7NS8,0,0
ID_5VR97A,0,0
ID_39JS89,0,0
ID_QZPE3L,0,0
ID_C3JSAA,0,0
ID_PJ7DYK,0,0
ID_CEI2GH,0,0
ID_QPCS6O,0,0
ID_Z83S0T,0,0
ID_NOIP4J,0,0
ID_H9E2H3,0,0
ID_02SFYL,0,0
ID_CYXUZR,0,0
ID_MXMB3J,0,0
ID_9VO4TA,0,0
ID_CKGXTS,0,0
ID_JVVGS0,0,0
ID_267CO4,0,0
ID_G1OTMQ,0,0
ID_XVCW21,0,0
ID_AHIMKO,0,0
ID_VXJCY9,0,0
ID_3RA9O5,0,0
ID_5HY82O,0,0
ID_YZ5OVD,0,0
ID_Q27K6U,0,0
ID_3KDIS0,0,0
ID_M1JQZY,0,0
ID_B0C2J6,0,0
ID_J7HU2J,0,0
ID_OGCJNX,0,0
ID_PYUEUN,0,0
ID_SQOWLV,0,0
ID_081H0S,0,0
ID_N4VBUJ,0,0
ID_H9LDYY,0,0
ID_QXLXW8,0,0
ID_Y59MZG,0,0
ID_U4HQ7F,0,0
ID_ODOZOE,0,0
ID_J33PW5,0,0
ID_ZET5XT,0,0
ID_SU7W6Q,0,0
ID_YPJCWW,0,0
ID_3MZPPY,0,0
ID_WXO73M,0,0
ID_5C87EW,0,0
ID_A58111,0,0
ID_ATEMOM,0,0
ID_9GA6QF,0,0
ID_VR4Q2H,0,0
ID_30Z7Z1,0,0
ID_IFN6O4,0,0
ID_P67RJC,0,0
ID_J1FVR7,0,0
ID_YQUYKA,0,0
ID_77OT6T,0,0
ID_DFF58D,0,0
ID_RP0EBE,0,0
ID_HHMPR4,0,0
ID_3CBNSM,0,0
ID_L94EPZ,0,0
ID_ZLPAT9,0,0
ID_7J9NW0,0,0
ID_U9JCG6,0,0
ID_5L0RI5,0,0
ID_NDVI6A,0,0
ID_MWE6HL,0,0
ID_7VEVTL,0,0
ID_JIIEEH,0,0
ID_C112J1,0,0
ID_MDECZK,0,0
ID_QUKXUO,0,0
ID_P3QOG9,0,0
ID_E9TNJ2,0,0
ID_FEO2NQ,0,0
ID_B8I0C4,0,0
ID_2H7JKJ,0,0
ID_UEN9AJ,0,0
ID_DFV4A0,0,0
ID_245UOK,0,0
ID_VVY957,0,0
ID_TGKZ5E,0,0
ID_ITPX2R,0,0
ID_9N0755,0,0
ID_TQLMYB,0,0
ID_5FY0FB,0,0
ID_LJCH7U,0,0
ID_OCHNHB,0,0
ID_C1JNF1,0,0
ID_6C9SEB,0,0
ID_R19E3O,0,0
ID_N9VSWR,0,0
ID_AYMP7Y,0,0
ID_1D5N00,0,0
ID_Y2N775,0,0
ID_62YXLY,0,0
ID_LCEMGQ,0,0
ID_JHEFC2,0,0
ID_NBOURH,0,0
ID_4OO6GY,0,0
ID_TMATQ7,0,0
ID_ZVK3IC,0,0
ID_Z75MTA,0,0
ID_UE6PS1,0,0
ID_9FA1EB,0,0
ID_HWAB37,0,0
ID_ATOVTC,0,0
ID_X3ZLQN,0,0
ID_Y0TAOF,0,0
ID_JJHUGF,0,0
ID_VJ63EF,0,0
ID_3GL87K,0,0
ID_E90QQ7,0,0
ID_N0LJUJ,0,0
ID_COH1FW,0,0
ID_UL3AZI,0,0
ID_JRINHF,0,0
ID_3YAMXF,0,0
ID_QIUM5A,0,0
ID_7WAB74,0,0
ID_P9X5C8,0,0
ID_C2JXGQ,0,0
ID_FOTDWB,0,0
ID_QM6NNC,0,0
ID_SM2QYN,0,0
ID_LCUCYY,0,0
ID_K3N47C,0,0
ID_OWA98O,0,0
ID_KRJ5KD,0,0
ID_XU4HOL,0,0
ID_UUA433,0,0
ID_C047VU,0,0
ID_Q98TZ6,0,0
ID_TAF0UC,0,0
ID_FBKWJL,0,0
ID_NIV7L1,0,0
ID_8I7AAN,0,0
ID_LC9I85,0,0
ID_IF785B,0,0
ID_C5JH1Z,0,0
ID_SY0K8A,0,0
ID_7M0AE5,0,0
ID_1HICLY,0,0
ID_00CYJW,0,0
ID_2PD4I2,0,0
ID_HW6GQ7,0,0
ID_1GRHWQ,0,0
ID_RK7VLB,0,0
ID_5IYRXA,0,0
ID_J2HJDH,0,0
ID_8FSXHO,0,0
ID_3KB4X2,0,0
ID_KO7IHO,0,0
ID_47M8H9,0,0
ID_H73VHP,0,0
ID_12N9UL,0,0
ID_54QR5T,0,0
ID_KM885C,0,0
ID_VLIX90,0,0
ID_5J9AVR,0,0
ID_36TTNA,0,0
ID_40BPXA,0,0
ID_WR4QUE,0,0
ID_AS8J2Q,0,0
ID_3N8G6D,0,0
ID_QPVABU,0,0
ID_5JJWTA,0,0
ID_I0WMPL,0,0
ID_3XZLCC,0,0
ID_NOB1KR,0,0
ID_20SJHR,0,0
ID_MJ9I7V,0,0
ID_VZFSTM,0,0
ID_EUXU2A,0,0
ID_VEKP4I,0,0
ID_7OLEX8,0,0
ID_Z9ENZH,0,0
ID_S1573E,0,0
ID_UIZB31,0,0
ID_63IY0T,0,0
ID_XZVTJR,0,0
ID_JV8XUJ,0,0
ID_EZFZR9,0,0
ID_PN648M,0,0
ID_U9FFH6,0,0
ID_SDC6WX,0,0
ID_7VYFT8,0,0
ID_12EC9F,0,0
ID_5ICPBE,0,0
ID_DPL5SK,0,0
ID_T6SZ1Z,0,0
ID_J9UQT6,0,0
ID_LJT9T5,0,0
ID_KHXQEI,0,0
ID_JKU0Y6,0,0
ID_38P3Q6,0,0
ID_1F0WTK,0,0
ID_HVCZHG,0,0
ID_X5NRU4,0,0
ID_GKAGN9,0,0
ID_3WN1AE,0,0
ID_QEOB4D,0,0
ID_LZ0KBE,0,0
ID_MM9W50,0,0
ID_U4HGC7,0,0
ID_5GVAA9,0,0
ID_810CT2,0,0
ID_13BMP7,0,0
ID_YS9DI6,0,0
ID_DKAO7M,0,0
ID_PGW110,0,0
ID_YO40VN,0,0
ID_8JFBIJ,0,0
ID_FJNMY8,0,0
ID_TN0VX0,0,0
ID_GLHYOF,0,0
ID_X6AEZQ,0,0
ID_ZIY344,0,0
ID_4KYKRC,0,0
ID_P7OK51,0,0
ID_5662SX,0,0
ID_AIZLKV,0,0
ID_TJRUSP,0,0
ID_80HQAB,0,0
ID_MBWF7R,0,0
ID_FR7G3L,0,0
ID_8U6ZAY,0,0
ID_B7FBKB,0,0
ID_MAM1N3,0,0
ID_71TMJP,0,0
ID_CDQJHB,0,0
ID_2CQTYA,0,0
ID_K0JIWN,0,0
ID_FPE15V,0,0
ID_WVVSV7,0,0
ID_7UR7UN,0,0
ID_EUTPRB,0,0
ID_9DKFXX,0,0
ID_XCZOAZ,0,0
ID_NH4UZQ,0,0
ID_UR1W7Z,0,0
ID_SU9FVY,0,0
ID_GRD95O,0,0
ID_IFS2CN,0,0
ID_59FS6Q,0,0
ID_I5PH3Y,0,0
ID_KCCIBP,0,0
ID_46H0WM,0,0
ID_QOORGW,0,0
ID_SROHTS,0,0
ID_COFZ43,0,0
ID_YNAIKH,0,0
ID_R1HZ73,0,0
ID_SVDE07,0,0
ID_PBVWA5,0,0
ID_O6H1VX,0,0
ID_ZFQZ4Q,0,0
ID_RWN2VM,0,0
ID_IMDKTP,0,0
ID_9ARMB5,0,0
ID_TSNZL1,0,0
ID_LWN21W,0,0
ID_667IIT,0,0
ID_WL6IVZ,0,0
ID_WZMSUI,0,0
ID_Y4IER1,0,0
ID_SAZSUD,0,0
ID_PPFKLO,0,0
ID_XMFZFG,0,0
ID_DSJJA8,0,0
ID_LKEE73,0,0
ID_8558IW,0,0
ID_ST1RHD,0,0
ID_MSI5UY,0,0
ID_U8YE82,0,0
ID_O52TYN,0,0
ID_3HJH08,0,0
ID_7EASTM,0,0
ID_J9BJUY,0,0
ID_YB0HJN,0,0
ID_QVDL5D,0,0
ID_E8BVHR,0,0
ID_G3U61F,0,0
ID_FM73LZ,0,0
ID_LDRL3V,0,0
ID_09DGS7,0,0
ID_Z26A6Y,0,0
ID_OYG6O0,0,0
ID_Q9BXAX,0,0
ID_JKWQ7H,0,0
ID_GMSRLR,0,0
ID_SHG09S,0,0
ID_6KXVGZ,0,0
ID_NOPO9T,0,0
ID_0INYBB,0,0
ID_ER88QS,0,0
ID_ORX5Y7,0,0
ID_Y1GQOD,0,0
ID_QHXVPY,0,0
ID_8FA0JU,0,0
ID_CQC1SP,0,0
ID_QKQWG8,0,0
ID_BNCL2X,0,0
ID_43TYF5,0,0
ID_1WO9BE,0,0
ID_X5N4I3,0,0
ID_FWP8GW,0,0
ID_S0CSIL,0,0
ID_9T471X,0,0
ID_EZJG36,0,0
ID_W8WNYP,0,0
ID_FQ07BH,0,0
ID_RU9JMN,0,0
ID_LN85GK,0,0
ID_HOC4C6,0,0
ID_FFKRLK,0,0
ID_BQ41BD,0,0
ID_NFFKJZ,0,0
ID_BKH55F,0,0
ID_6GH2KA,0,0
ID_YZVRG4,0,0
ID_TINKPV,0,0
ID_XMPSKY,0,0
ID_GQ0QSO,0,0
ID_DWL90A,0,0
ID_ETPJ3G,0,0
ID_XVOFW0,0,0
ID_P77UE6,0,0
ID_3JIZL3,0,0
ID_WTNIED,0,0
ID_D6IQ0E,0,0
ID_J8OHSO,0,0
ID_8X0VY5,0,0
ID_AIHEM9,0,0
ID_UCD4YL,0,0
ID_YS9DL1,0,0
ID_7YORO1,0,0
ID_PH2SF9,0,0
ID_0X0LL0,0,0
ID_SJDG98,0,0
ID_4SHU72,0,0
ID_6EGDXM,0,0
ID_ICG76P,0,0
ID_Z0OR25,0,0
ID_4VPB40,0,0
ID_UVIU2V,0,0
ID_OZDI2E,0,0
ID_IMUOTQ,0,0
ID_OIZPCQ,0,0
ID_NZOH64,0,0
ID_R1GF9O,0,0
ID_DH34Y8,0,0
ID_ZIQFET,0,0
ID_PHOXZW,0,0
ID_2U5BRA,0,0
ID_VWH4GT,0,0
ID_IG2KXW,0,0
ID_J9E6TP,0,0
ID_YN0438,0,0
ID_AYTOPW,0,0
ID_P7RDOK,0,0
ID_MHZJ7C,0,0
ID_1I4Q1U,0,0
ID_I6TJQN,0,0
ID_Z86ZGR,0,0
ID_KO313H,0,0
ID_43TBDC,0,0
ID_N2CAI0,0,0
ID_C98LKF,0,0
ID_Z8B1NO,0,0
ID_ZCRZVF,0,0
ID_4CE4UE,0,0
ID_B2X818,0,0
ID_O0IR9D,0,0
ID_SX4YCE,0,0
ID_C1CNHL,0,0
ID_XD0OAS,0,0
ID_H928XR,0,0
ID_LLU2TZ,0,0
ID_CVRTQ0,0,0
ID_GR8G9J,0,0
ID_F8LGF7,0,0
ID_L3PO9F,0,0
ID_DT2A6J,0,0
ID_HX8OJX,0,0
ID_M6XRHI,0,0
ID_WXOP5J,0,0
ID_NR3FOZ,0,0
ID_86M0WM,0,0
ID_SL61JW,0,0
ID_Z8OOIT,0,0
ID_GHL2BD,0,0
ID_8P3VSS,0,0
ID_1AW2K0,0,0
ID_FAH5IB,0,0
ID_D5ISDZ,0,0
ID_V1QEPM,0,0
ID_MGP26P,0,0
ID_R9BVVF,0,0
ID_YWHQN7,0,0
ID_BZ1E40,0,0
ID_MSHQVM,0,0
ID_Y6KIQL,0,0
ID_ZPBFE5,0,0
ID_PII6HZ,0,0
ID_XMG7F6,0,0
ID_OQ2BCS,0,0
ID_6D2W1N,0,0
ID_TWOY9U,0,0
ID_3CPOUW,0,0
ID_YNW1MI,0,0
ID_JZ2Q1Q,0,0
ID_N58LP8,0,0
ID_F6I1L4,0,0
ID_WEGBZH,0,0
ID_V3CGGZ,0,0
ID_AKDEGF,0,0
ID_FB1EGO,0,0
ID_XLYFPO,0,0
ID_FRFI82,0,0
ID_7J7XY4,0,0
ID_81WUOB,0,0
ID_BDNP3T,0,0
ID_N95UL5,0,0
ID_EOE327,0,0
ID_TTGVB0,0,0
ID_KOW0PB,0,0
ID_QJOUH8,0,0
ID_SBW9O6,0,0
ID_U104O0,0,0
ID_7C0QLS,0,0
ID_CHORLJ,0,0
ID_KE739P,0,0
ID_WUVB91,0,0
ID_NYS0MM,0,0
ID_YECCVH,0,0
ID_58GYOH,0,0
ID_E9Z8JL,0,0
ID_D1C61Y,0,0
ID_D9YEID,0,0
ID_Z8AMVX,0,0
ID_J20PY7,0,0
ID_QC0YH8,0,0
ID_O5T6RT,0,0
ID_TCLPSS,0,0
ID_5C9S8E,0,0
ID_XG654Z,0,0
ID_P85O2X,0,0
ID_2NHEK2,0,0
ID_P4MNSK,0,0
ID_O5CY1F,0,0
ID_MN3IQN,0,0
ID_GN8V8R,0,0
ID_J4NME1,0,0
ID_QLVBKS,0,0
ID_8RMZIP,0,0
ID_3IDVTT,0,0
ID_69UV2P,0,0
ID_H4ABIV,0,0
ID_1AU4B4,0,0
ID_9MD42Q,0,0
ID_NN1SP0,0,0
ID_Q0GQIJ,0,0
ID_WYNLC8,0,0
ID_5UUTQ4,0,0
ID_1FV6JM,0,0
ID_9D6IK4,0,0
ID_YNF2GV,0,0
ID_4VY9P1,0,0
ID_UA8KDK,0,0
ID_7RIBXR,0,0
ID_CX0L8W,0,0
ID_G8ICMP,0,0
ID_48ODLG,0,0
ID_5EEQQ8,0,0
ID_JZD569,0,0
ID_8HD3FI,0,0
ID_3HYW9H,0,0
ID_OG9PII,0,0
ID_USWGAD,0,0
ID_QFHTNT,0,0
ID_RVQRG4,0,0
ID_03G5KF,0,0
ID_5SC6E5,0,0
ID_B32JSW,0,0
ID_FOVHE7,0,0
ID_WDKGHF,0,0
ID_NU1Q4P,0,0
ID_GB8GJW,0,0
ID_8Q86B0,0,0
ID_PJGXSQ,0,0
ID_5GMAPV,0,0
ID_JAJO5Q,0,0
ID_34FNTI,0,0
ID_RKMUCY,0,0
ID_GCMXWF,0,0
ID_X7DLYW,0,0
ID_T2TE3K,0,0
ID_OGB4BH,0,0
ID_X6WHWI,0,0
ID_HMGCCN,0,0
ID_JORPQJ,0,0
ID_2JZBC5,0,0
ID_5HGLHY,0,0
ID_2CI75Q,0,0
ID_M5FAMJ,0,0
ID_8WG6C9,0,0
ID_O32FZX,0,0
ID_X2GFS0,0,0
ID_YPUM29,0,0
ID_ZWYKB9,0,0
ID_EEXCBA,0,0
ID_BX15UA,0,0
ID_QWTKTH,0,0
ID_GKV52V,0,0
ID_TF5GIR,0,0
ID_K4KPCQ,0,0
ID_HNTNBU,0,0
ID_AL4HSG,0,0
ID_IR8GAG,0,0
ID_CYO1WV,0,0
ID_IN1XKB,0,0
ID_CJC05G,0,0
ID_UY26SM,0,0
ID_38X1W7,0,0
ID_QDQZMZ,0,0
ID_NPGU60,0,0
ID_ZY4HUE,0,0
ID_PR5DSR,0,0
ID_7W70II,0,0
ID_3VUCIH,0,0
ID_RENKSH,0,0
ID_CIKE62,0,0
ID_UXH8BD,0,0
ID_4WFXOO,0,0
ID_VCVWDE,0,0
ID_0R9ZVO,0,0
ID_H8U1AE,0,0
ID_O5FAP3,0,0
ID_F6A271,0,0
ID_UYRLYC,0,0
ID_1FEBTC,0,0
ID_M6KU9Y,0,0
ID_9MF2UI,0,0
ID_DFSODG,0,0
ID_BH99TB,0,0
ID_V1M52P,0,0
ID_1ZT8RJ,0,0
ID_4ACXCK,0,0
ID_M7511D,0,0
ID_D4JSNV,0,0
ID_NXZUTG,0,0
ID_ZU10CQ,0,0
ID_PAJTOL,0,0
ID_60YZ4D,0,0
ID_0ZQYF5,0,0
ID_LIJBL4,0,0
ID_C8U4DD,0,0
ID_O94VFB,0,0
ID_3LRZ4R,0,0
ID_RX4PHX,0,0
ID_IYWL6E,0,0
ID_GWOY0L,0,0
ID_1TOJQM,0,0
ID_V2Q8D6,0,0
ID_OCIPYO,0,0
ID_75J2X2,0,0
ID_QAN5TW,0,0
ID_4OG81A,0,0
ID_0TOL42,0,0
ID_X4WPJC,0,0
ID_PSH6CK,0,0
ID_ZX42AW,0,0
ID_YXYGHM,0,0
ID_MQPSBX,0,0
ID_FZSSMB,0,0
ID_SH9726,0,0
ID_002VI1,0,0
ID_A15JQX,0,0
ID_X9WU7S,0,0
ID_BZPUKK,0,0
ID_HNL0JH,0,0
ID_TTWLY0,0,0
ID_O6QGJ4,0,0
ID_30USO1,0,0
ID_M8GSWY,0,0
ID_139166,0,0
ID_G8K4R4,0,0
ID_JQ4BA5,0,0
ID_S2C17A,0,0
ID_MFAI39,0,0
ID_E56SL9,0,0
ID_IVFBE7,0,0
ID_YZ3LB9,0,0
ID_25IW3T,0,0
ID_XUWQ00,0,0
ID_F88WHP,0,0
ID_HEPLLU,0,0
ID_BJQUY8,0,0
ID_6I4FEV,0,0
ID_HQ8Y6L,0,0
ID_YMFX6M,0,0
ID_FLS9HB,0,0
ID_ZRDFPS,0,0
ID_YHNV97,0,0
ID_0J3TC8,0,0
ID_R5QNCG,0,0
ID_ZJCXDF,0,0
ID_EVOPXG,0,0
ID_A6EPFE,0,0
ID_RFGP5P,0,0
ID_ATOPQD,0,0
ID_8BKKT4,0,0
ID_239KHR,0,0
ID_Z5N005,0,0
ID_H7JFVR,0,0
ID_9FFA9P,0,0
ID_BE6RVV,0,0
ID_AIHYZS,0,0
ID_7M2EOQ,0,0
ID_SHNK4M,0,0
ID_4DTZGS,0,0
ID_E114K7,0,0
ID_6WJ6HN,0,0
ID_4KMTDL,0,0
ID_J2J60Z,0,0
ID_WQIKIZ,0,0
ID_DAYCBI,0,0
ID_338NU9,0,0
ID_69WN7C,0,0
ID_LBV4ID,0,0
ID_8GZENE,0,0
ID_HEI5UX,0,0
ID_W1HPT0,0,0
ID_9R1YX4,0,0
ID_05S7Z7,0,0
ID_Y7O16H,0,0
ID_H9L9UW,0,0
ID_4VP9V0,0,0
ID_VQA5LH,0,0
ID_NC4NKQ,0,0
ID_XW526U,0,0
ID_GWYLX3,0,0
ID_08HHY0,0,0
ID_MHZG2V,0,0
ID_JUX0PK,0,0
ID_26R3CJ,0,0
ID_8DZW47,0,0
ID_MAG8HK,0,0
ID_1TWTE7,0,0
ID_61AVUD,0,0
ID_2B13EN,0,0
ID_5K9468,0,0
ID_Y9QPP9,0,0
ID_06TJ81,0,0
ID_NGGKNQ,0,0
ID_O35QU5,0,0
ID_61D9GI,0,0
ID_F95P5M,0,0
ID_S65AYQ,0,0
ID_JJBN05,0,0
ID_WY418U,0,0
ID_DD27PO,0,0
ID_OYC7CN,0,0
ID_RUBMWP,0,0
ID_9HALCR,0,0
ID_KHNAXI,0,0
ID_9KUBAA,0,0
ID_6DAH4U,0,0
ID_PG22PK,0,0
ID_PKPD77,0,0
ID_W2IU6R,0,0
ID_TQU6ZB,0,0
ID_8UHBKO,0,0
ID_HB670Q,0,0
ID_LMSJOW,0,0
ID_81DXAB,0,0
ID_UIZIMM,0,0
ID_IBJ9Y0,0,0
ID_LX0R6S,0,0
ID_11WIXP,0,0
ID_9KEYCV,0,0
ID_06LHBN,0,0
ID_LNHXI7,0,0
ID_BES8FT,0,0
ID_B2EONF,0,0
ID_3J0MM4,0,0
ID_K8RBAC,0,0
ID_SBFO0R,0,0
ID_8VJS9O,0,0
ID_DMG78V,0,0
ID_M3XHST,0,0
ID_G9W3DS,0,0
ID_C2X8UQ,0,0
ID_I2FJ8W,0,0
ID_QV3R8Q,0,0
ID_RVN81I,0,0
ID_6FM66P,0,0
ID_7EE90J,0,0
ID_6WQR15,0,0
ID_W62K32,0,0
ID_1Z1S48,0,0
ID_UHUHC0,0,0
ID_DAB3MC,0,0
ID_707XI5,0,0
ID_YLNW24,0,0
ID_KJKRUT,0,0
ID_YJTQC5,0,0
ID_FXIRKA,0,0
ID_SUUXWZ,0,0
ID_JD96BC,0,0
ID_ZU8LGZ,0,0
ID_YZ1Y8K,0,0
ID_QVJVRO,0,0
ID_2UBEY0,0,0
ID_FDUWJ0,0,0
ID_YB5PDC,0,0
ID_HFQYFL,0,0
ID_KD8OF2,0,0
ID_N4Z12S,0,0
ID_OEZ6OK,0,0
ID_MQ7TVD,0,0
ID_O1ZID9,0,0
ID_28YOV6,0,0
ID_7BPHB0,0,0
ID_72FD1E,0,0
ID_ST0E3P,0,0
ID_28HAZY,0,0
ID_Z0B61T,0,0
ID_BJK2KK,0,0
ID_JG0FBK,0,0
ID_GC55DS,0,0
ID_E65ADJ,0,0
ID_NBKD0L,0,0
ID_HQ6D0E,0,0
ID_94QT0Z,0,0
ID_C0TIZT,0,0
ID_W37NCI,0,0
ID_T2CQL6,0,0
ID_VLMA3A,0,0
ID_7OM0YQ,0,0
ID_XDU6JH,0,0
ID_UN05SA,0,0
ID_2RLP6Y,0,0
ID_BEC74Y,0,0
ID_ELIKNG,0,0
ID_NE2IC5,0,0
ID_MAI9Y2,0,0
ID_PPTHQQ,0,0
ID_T1UGXY,0,0
ID_4LCAQ4,0,0
ID_08TN5M,0,0
ID_L3AN2I,0,0
ID_CIYYOM,0,0
ID_O2QOC3,0,0
ID_F9QZ8R,0,0
ID_W7PJXK,0,0
ID_1O7Y5I,0,0
ID_YT83Y6,0,0
ID_UDOWAI,0,0
ID_S14S84,0,0
ID_2N7HRF,0,0
ID_US62S1,0,0
ID_NO4AMC,0,0
ID_2HJLCZ,0,0
ID_O8UEZE,0,0
ID_DL7VLZ,0,0
ID_5YOHHX,0,0
ID_QW92LY,0,0
ID_C5RV8Z,0,0
ID_7TQ5X0,0,0
ID_XSUJ6P,0,0
ID_MMZZVD,0,0
ID_KCH2AJ,0,0
ID_BPKFJ1,0,0
ID_TWU8C8,0,0
ID_OEGGUV,0,0
ID_9CSE5J,0,0
ID_MMAYLX,0,0
ID_CBK2UT,0,0
ID_0Q353R,0,0
ID_H1WC43,0,0
ID_P66YWK,0,0
ID_ZVNGE3,0,0
ID_69F4W2,0,0
ID_VQAGB6,0,0
ID_9R1UX4,0,0
ID_OZVTVT,0,0
ID_ENKTQ6,0,0
ID_6WLC7V,0,0
ID_GS5BMG,0,0
ID_2HGX0R,0,0
ID_DXKG8I,0,0
ID_IS7BHQ,0,0
ID_H8KP2Z,0,0
ID_PYN6ZN,0,0
ID_UMXIT9,0,0
ID_FPU92W,0,0
ID_HR407W,0,0
ID_M38LCF,0,0
ID_CF6ZEI,0,0
ID_250LGB,0,0
ID_897XE1,0,0
ID_BFUEMS,0,0
ID_1YBOWW,0,0
ID_IXW7GB,0,0
ID_XZ295T,0,0
ID_0WD1P7,0,0
ID_XOM4BX,0,0
ID_4TWN3X,0,0
ID_NNQZP7,0,0
ID_ZPJWNL,0,0
ID_LQJ30P,0,0
ID_8YR5VV,0,0
ID_PN45XY,0,0
ID_J2YQAU,0,0
ID_14YQR3,0,0
ID_NJC6V2,0,0
ID_V2BUDI,0,0
ID_LTCQG3,0,0
ID_PMPYGE,0,0
ID_8SYJWD,0,0
ID_QQJPZL,0,0
ID_32TS0F,0,0
ID_L5VKNN,0,0
ID_WP173O,0,0
ID_5E06K2,0,0
ID_UI1MF3,0,0
ID_X28OIU,0,0
ID_BJK01R,0,0
ID_VMD0BW,0,0
ID_TOXUP0,0,0
ID_DDC78J,0,0
ID_FVTICV,0,0
ID_T4AB3E,0,0
ID_AVFRZ4,0,0
ID_W5MJTY,0,0
ID_19ZE4P,0,0
ID_3OQKEU,0,0
ID_YST9IV,0,0
ID_I0WX7S,0,0
ID_RQR6XH,0,0
ID_2II8JI,0,0
ID_189F7J,0,0
ID_N2WZXY,0,0
ID_XY1728,0,0
ID_ROQT8D,0,0
ID_SDWW2K,0,0
ID_46BYAB,0,0
ID_H6HCF7,0,0
ID_BDZL3L,0,0
ID_WV1AEA,0,0
ID_VH3MAH,0,0
ID_YVRYFO,0,0
ID_WCAFBF,0,0
ID_M59CWW,0,0
ID_MQAF7Y,0,0
ID_MV8629,0,0
ID_319JK8,0,0
ID_VYNQAE,0,0
ID_CHN2TY,0,0
ID_NCXLRS,0,0
ID_PMHGUT,0,0
ID_QVTCNJ,0,0
ID_JB6UWT,0,0
ID_PG4L6R,0,0
ID_OL81PU,0,0
ID_RSM2GB,0,0
ID_LAKKJU,0,0
ID_P97L95,0,0
ID_DFYV9R,0,0
ID_IJHIQ1,0,0
ID_V0GHN8,0,0
ID_1FIEFN,0,0
ID_5CUD49,0,0
ID_0JMBXW,0,0
ID_SZGFQB,0,0
ID_R9L7WI,0,0
ID_D056SS,0,0
ID_7CGLTF,0,0
ID_KJ06G6,0,0
ID_SZBB0Z,0,0
ID_B1MJKJ,0,0
ID_FQLKU7,0,0
ID_TLFWM1,0,0
ID_ZL6Y0P,0,0
ID_WF7SQS,0,0
ID_AXP8UC,0,0
ID_JEMQ70,0,0
ID_04VL96,0,0
ID_4ZHLUJ,0,0
ID_D2VROK,0,0
ID_CY3XJI,0,0
ID_PY9151,0,0
ID_X4UW9G,0,0
ID_YUNURE,0,0
ID_L7KXI7,0,0
ID_KOTCNY,0,0
ID_SN7FJE,0,0
ID_EJJ2R2,0,0
ID_BJR2LF,0,0
ID_1HVNR4,0,0
ID_KCXASR,0,0
ID_5ZI4QI,0,0
ID_M046QB,0,0
ID_N1LJ28,0,0
ID_L10E3C,0,0
ID_3UY5HR,0,0
ID_SW8WUW,0,0
ID_S9TN72,0,0
ID_5FWCAX,0,0
ID_Z2CZEH,0,0
ID_C1HDT6,0,0
ID_CMALVZ,0,0
ID_QPI6LG,0,0
ID_FHPCE7,0,0
ID_F5VII4,0,0
ID_BRDCCG,0,0
ID_XX2B3W,0,0
ID_KRADNM,0,0
ID_S5XZ0H,0,0
ID_5W6EYO,0,0
ID_IS0Z5U,0,0
ID_BY7IMC,0,0
ID_PDQ2U8,0,0
ID_SFG660,0,0
ID_ULB780,0,0
ID_L4YF49,0,0
ID_CLAVW9,0,0
ID_POCDKP,0,0
ID_KEIX4R,0,0
ID_75683K,0,0
ID_PBEDWW,0,0
ID_8PJ9EN,0,0
ID_PN4WCY,0,0
ID_9QYH1N,0,0
ID_F5Q09A,0,0
ID_F7YIPZ,0,0
ID_69SPTO,0,0
ID_VA32Y2,0,0
ID_VH7ZQD,0,0
ID_6YEJ79,0,0
ID_Z4VJY3,0,0
ID_GDSLMU,0,0
ID_HGTVL0,0,0
ID_GIBH5C,0,0
ID_W9Q1FB,0,0
ID_VVNOJ5,0,0
ID_N8R942,0,0
ID_OV4JD2,0,0
ID_Y1T29K,0,0
ID_EV5QFT,0,0
ID_CWXC85,0,0
ID_CXGNS4,0,0
ID_G4FLTB,0,0
ID_O99YI9,0,0
ID_7DACOD,0,0
ID_JR63OE,0,0
ID_ODNLPS,0,0
ID_EI8XDT,0,0
ID_214PCS,0,0
ID_QA4C2H,0,0
ID_WLBXAG,0,0
ID_PN4XCV,0,0
ID_X98FBM,0,0
ID_5QOC9R,0,0
ID_EF62TJ,0,0
ID_5JR421,0,0
ID_DPIAQ2,0,0
ID_59ORL3,0,0
ID_AU8FGK,0,0
ID_SVGJCZ,0,0
ID_QL86RE,0,0
ID_8LMAYN,0,0
ID_U9K2OG,0,0
ID_9IB6YU,0,0
ID_LTNEB6,0,0
ID_8R2TJN,0,0
ID_ALZQIG,0,0
ID_JMOFYO,0,0
ID_LMJARD,0,0
ID_LSHYDJ,0,0
ID_JLDFV7,0,0
ID_4LWW0O,0,0
ID_30BS9M,0,0
ID_884AJM,0,0
ID_I61OJ2,0,0
ID_T26CKZ,0,0
ID_7C4A8G,0,0
ID_M2221W,0,0
ID_VSOWVU,0,0
ID_MMYCBW,0,0
ID_O3SS7S,0,0
ID_FCPQB1,0,0
ID_6X1JQ0,0,0
ID_FHFO4O,0,0
ID_4N5QKP,0,0
ID_QPE0I9,0,0
ID_MYZ48V,0,0
ID_I8Q04S,0,0
ID_2QBJNY,0,0
ID_Y3FWT7,0,0
ID_ZPW8JP,0,0
ID_51QYZT,0,0
ID_3TMMLN,0,0
ID_RDNS9F,0,0
ID_MUV82B,0,0
ID_XO95YC,0,0
ID_22BM4G,0,0
ID_WOZT9N,0,0
ID_WRW2RG,0,0
ID_0QT3UA,0,0
ID_GRHRXE,0,0
ID_LKAGZE,0,0
ID_WM1PTC,0,0
ID_GMBMRG,0,0
ID_01G7OQ,0,0
ID_K1ZTIY,0,0
ID_O5G750,0,0
ID_ABEDAQ,0,0
ID_PEJPNQ,0,0
ID_DRRBHV,0,0
ID_I1XHSV,0,0
ID_L5Q8W1,0,0
ID_QVXTI0,0,0
ID_SLFS8I,0,0
ID_VK2O2Y,0,0
ID_HG8Y8Y,0,0
ID_QL35SC,0,0
ID_PHEVLD,0,0
ID_4GGPN1,0,0
ID_XZCFK0,0,0
ID_IQADUL,0,0
ID_PYPF0Z,0,0
ID_8WO3HM,0,0
ID_HUGL9X,0,0
ID_NA3HES,0,0
ID_7C7JR6,0,0
ID_1DZR1R,0,0
ID_6B2N83,0,0
ID_8367VR,0,0
ID_3P4J8X,0,0
ID_5H6IVT,0,0
ID_28OW74,0,0
ID_JFF3NO,0,0
ID_CHEQPW,0,0
ID_8YTXAO,0,0
ID_NTL8DZ,0,0
ID_880KU7,0,0
ID_EQ6RRV,0,0
ID_QTPT0L,0,0
ID_GQ3ALW,0,0
ID_ZA6HQ6,0,0
ID_CVBE3M,0,0
ID_MKWA9X,0,0
ID_WQ0GM1,0,0
ID_BMYG6Y,0,0
ID_OGQS2A,0,0
ID_IWA81K,0,0
ID_NUBAT4,0,0
ID_2OPWTC,0,0
ID_1U3JQ7,0,0
ID_BTIZEB,0,0
ID_37COL8,0,0
ID_B20UPH,0,0
ID_7GHMGQ,0,0
ID_DW0O3X,0,0
ID_S9YC52,0,0
ID_1A9FM0,0,0
ID_KXDCJS,0,0
ID_MK5U7X,0,0
ID_SBEGNK,0,0
ID_3MC444,0,0
ID_2OC5IK,0,0
ID_XG64OC,0,0
ID_E6MX6J,0,0
ID_BL1QWX,0,0
ID_U1PVNH,0,0
ID_BS71SN,0,0
ID_O16C1F,0,0
ID_LCP0B7,0,0
ID_EV7RVS,0,0
ID_H01EYU,0,0
ID_IUDSW0,0,0
ID_JSM2IW,0,0
ID_J9OG05,0,0
ID_506CNG,0,0
ID_RGWK2W,0,0
ID_LCHZJH,0,0
ID_GHXA82,0,0
ID_55HNTT,0,0
ID_B1J4BF,0,0
ID_7YDWLG,0,0
ID_OIL90R,0,0
ID_6PAPUO,0,0
ID_17PFEI,0,0
ID_BUISQL,0,0
ID_FNPL3H,0,0
ID_WSQMIN,0,0
ID_NNKVCS,0,0
ID_M0YNRF,0,0
ID_QNZL2O,0,0
ID_F7EL6R,0,0
ID_PXBIJO,0,0
ID_F6TSSQ,0,0
ID_3DZSQ4,0,0
ID_MAL7VU,0,0
ID_K8U127,0,0
ID_3958AE,0,0
ID_O64JS1,0,0
ID_P2TZB1,0,0
ID_YRLOE8,0,0
ID_LT4C3O,0,0
ID_SJEQKY,0,0
ID_BG9B9O,0,0
ID_MFUV6B,0,0
ID_46CHCS,0,0
ID_I2E5D7,0,0
ID_RD8HZQ,0,0
ID_LDMT4N,0,0
ID_3W3X22,0,0
ID_ZBN33Z,0,0
ID_AW1EST,0,0
ID_8CAEXS,0,0
ID_0Z8X2D,0,0
ID_FG27VN,0,0
ID_5PODEE,0,0
ID_UXULI3,0,0
ID_UVHPHB,0,0
ID_UVK9BZ,0,0
ID_Q8LIIV,0,0
ID_GYKAP4,0,0
ID_IJWT5C,0,0
ID_U7BOY8,0,0
ID_KUCQL4,0,0
ID_GP39WS,0,0
ID_CR4B7Y,0,0
ID_R9STFW,0,0
ID_LJL3VA,0,0
ID_OMLR2A,0,0
ID_VWOLG8,0,0
ID_GGY9P1,0,0
ID_TGJ1PW,0,0
ID_TDRZDB,0,0
ID_NQTNKM,0,0
ID_UT5G83,0,0
ID_2RP69F,0,0
ID_8XXAUS,0,0
ID_6X92ZE,0,0
ID_0VJQ32,0,0
ID_MCBIU3,0,0
ID_YTAST1,0,0
ID_8HP8YY,0,0
ID_F9E877,0,0
ID_8OUAD0,0,0
ID_G61JQQ,0,0
ID_ODJFBH,0,0
ID_38Y4LP,0,0
ID_R86VWE,0,0
ID_5RAE76,0,0
ID_O51H7Y,0,0
ID_PN2NHQ,0,0
ID_P5FWUI,0,0
ID_QHA79L,0,0
ID_LCK3JG,0,0
ID_4SZIUM,0,0
ID_KQZ5BX,0,0
ID_2PWGV4,0,0
ID_A6FBNX,0,0
ID_0WK93A,0,0
ID_I4O3ED,0,0
ID_NU6WL1,0,0
ID_G6EFIN,0,0
ID_3Z7Z0C,0,0
ID_SDIBN8,0,0
ID_GLRD71,0,0
ID_TGHMIH,0,0
ID_PBWOV1,0,0
ID_RJJQTV,0,0
ID_BVFOVC,0,0
ID_NCFMBD,0,0
ID_LR6L38,0,0
ID_45XTDS,0,0
ID_0T9L03,0,0
ID_IAFZNL,0,0
ID_X6SN66,0,0
ID_A3GESE,0,0
ID_E2FKWX,0,0
ID_ZYTO54,0,0
ID_BMV0Z0,0,0
ID_GPKIHK,0,0
ID_IB4DU8,0,0
ID_31M02H,0,0
ID_HRUE1A,0,0
ID_R7LTHH,0,0
ID_1Q311P,0,0
ID_F5ITQ3,0,0
ID_5ZJSHM,0,0
ID_VFS552,0,0
ID_REAJO2,0,0
ID_H50BC5,0,0
ID_TB201Y,0,0
ID_02F4C5,0,0
ID_E2YGPA,0,0
ID_8AXAVU,0,0
ID_SM9K2R,0,0
ID_XR4HFI,0,0
ID_KC8SS6,0,0
ID_R7Q5OP,0,0
ID_3J0P0N,0,0
ID_541JBT,0,0
ID_U23KTN,0,0
ID_A5CXKF,0,0
ID_2RJG1N,0,0
ID_5HZDCO,0,0
ID_UNS0XR,0,0
ID_H9ER70,0,0
ID_09WBQK,0,0
ID_W3LFDV,0,0
ID_JVE8OD,0,0
ID_MMY0Q1,0,0
ID_CN7T43,0,0
ID_4PEDZZ,0,0
ID_MZFRR3,0,0
ID_RENIP9,0,0
ID_81VJQJ,0,0
ID_SMPZ9Q,0,0
ID_KGDY5I,0,0
ID_51D5C7,0,0
ID_1V1HYZ,0,0
ID_VT4ZCX,0,0
ID_G3NW2Y,0,0
ID_GASNEV,0,0
ID_Z6FTXR,0,0
ID_1BGXR3,0,0
ID_RM7WVW,0,0
ID_F0LYFN,0,0
ID_PJ5DBK,0,0
ID_L2FL0P,0,0
ID_K6GIDA,0,0
ID_GFAG39,0,0
ID_TP1V0C,0,0
ID_M8656G,0,0
ID_ZJCCZB,0,0
ID_05YEGB,0,0
ID_J79QGJ,0,0
ID_K82IDH,0,0
ID_O251F5,0,0
ID_5CL9WS,0,0
ID_SID5FC,0,0
ID_V8RN5Z,0,0
ID_UHVCX8,0,0
ID_S7WK0W,0,0
ID_ZHFY42,0,0
ID_6EJ0DT,0,0
ID_WAE9GR,0,0
ID_SREES9,0,0
ID_1ARTI9,0,0
ID_13QJ93,0,0
ID_GDGUDP,0,0
ID_PLHM06,0,0
ID_TEW0CZ,0,0
ID_J89HSV,0,0
ID_IRRTYL,0,0
ID_JR1VBC,0,0
ID_8VTI9M,0,0
ID_WZBWIP,0,0
ID_4E6IST,0,0
ID_HS8HLW,0,0
ID_MFJXIB,0,0
ID_3XQ6W0,0,0
ID_AQE5WX,0,0
ID_PKAPUL,0,0
ID_P0YTQN,0,0
ID_SPKFDI,0,0
ID_Y35X8F,0,0
ID_3MOXTE,0,0
ID_V45IGW,0,0
ID_WQDN76,0,0
ID_MQGQH9,0,0
ID_1OZLJP,0,0
ID_GXXZVS,0,0
ID_WS2GYN,0,0
ID_DKOO4S,0,0
ID_MYGR16,0,0
ID_KEFK6E,0,0
ID_34A6D8,0,0
ID_TTYEZN,0,0
ID_4171A5,0,0
ID_X4F5XJ,0,0
ID_F5PG29,0,0
ID_E521VX,0,0
ID_Z5C99C,0,0
ID_24CX71,0,0
ID_M4H4D4,0,0
ID_UAG5F9,0,0
ID_JGHLLI,0,0
ID_YMCYTS,0,0
ID_TDSVOZ,0,0
ID_PIHOF2,0,0
ID_69M8EC,0,0
ID_ORQA83,0,0
ID_9XW03C,0,0
ID_74D2TR,0,0
ID_19SUWN,0,0
ID_6FKE13,0,0
ID_JI0OMK,0,0
ID_PIPZ76,0,0
ID_G4NN2V,0,0
ID_18XFP7,0,0
ID_SPMHMX,0,0
ID_JOLBFF,0,0
ID_Y6GG1U,0,0
ID_E3964Z,0,0
ID_XHZIDI,0,0
ID_5SSWT0,0,0
ID_ERUW5Q,0,0
ID_GG4A1E,0,0
ID_A1JLAA,0,0
ID_IFZZBA,0,0
ID_ZGKWE0,0,0
ID_UGQ4G9,0,0
ID_XZGF8V,0,0
ID_KAE3E8,0,0
ID_FQIZBE,0,0
ID_0SSU0T,0,0
ID_4YSQ3H,0,0
ID_1OFRFO,0,0
ID_6F6VLG,0,0
ID_1A6PQB,0,0
ID_XUU5MD,0,0
ID_60MOLB,0,0
ID_YOUOWL,0,0
ID_HL28F6,0,0
ID_4TXW3R,0,0
ID_JK7Y07,0,0
ID_IT8VM9,0,0
ID_R8F08V,0,0
ID_BRK61E,0,0
ID_73W8KS,0,0
ID_0UL8BA,0,0
ID_4C7USJ,0,0
ID_WZWUW7,0,0
ID_WA7M4X,0,0
ID_KCMXM9,0,0
ID_CIKPSC,0,0
ID_VWISVJ,0,0
ID_7M8K1Y,0,0
ID_98A6TW,0,0
ID_BPVTLG,0,0
ID_K76JK4,0,0
ID_53JSUP,0,0
ID_UTSEVR,0,0
ID_TP2GA3,0,0
ID_W3DELB,0,0
ID_MPYW1P,0,0
ID_09E5FD,0,0
ID_UQFLB3,0,0
ID_6A9DK3,0,0
ID_OJA4WL,0,0
ID_GMC7CM,0,0
ID_5YRMVH,0,0
ID_E8DVCZ,0,0
ID_TK61QY,0,0
ID_5974HV,0,0
ID_6F30ZE,0,0
ID_UUI0KC,0,0
ID_L2TMNA,0,0
ID_R47X05,0,0
ID_QWQE97,0,0
ID_NSF7Y0,0,0
ID_TLDFAU,0,0
ID_V13SHD,0,0
ID_62009M,0,0
ID_O96RN5,0,0
ID_NWH4ZY,0,0
ID_K5AK7Y,0,0
ID_M1GCMS,0,0
ID_PNZOC4,0,0
ID_WR0EWS,0,0
ID_172VCA,0,0
ID_D09BUI,0,0
ID_ZTJ9NZ,0,0
ID_BWWLZS,0,0
ID_L8IEFI,0,0
ID_V194LJ,0,0
ID_YJU6F4,0,0
ID_LS3AH6,0,0
ID_TUMV1B,0,0
ID_1TWT3Q,0,0
ID_4LJ3W2,0,0
ID_0J2JS0,0,0
ID_YKKJ42,0,0
ID_20BZKE,0,0
ID_HN4A1L,0,0
ID_CC1K6F,0,0
ID_2EBDKG,0,0
ID_WFS06Q,0,0
ID_0ME2MG,0,0
ID_NYG9Q5,0,0
ID_11KTQ5,0,0
ID_XCE291,0,0
ID_NBO0ID,0,0
ID_1CCHEZ,0,0
ID_29XVIU,0,0
ID_NPZRLU,0,0
ID_FO2ZT1,0,0
ID_DNBC6Q,0,0
ID_TOVW1P,0,0
ID_578QNF,0,0
ID_OHTDIO,0,0
ID_CF6G3H,0,0
